Videocard Name,Passmark G3D Mark,Rank
GeForce RTX 5090 D,42305,1
GeForce RTX 5090,39490,2
GeForce RTX 4090,38191,3
GeForce RTX 5080,36545,4
GeForce RTX 4080,34445,5
GeForce RTX 4080 SUPER,34256,6
GeForce RTX 5070 Ti,32987,7
GeForce RTX 4090 D,32259,8
GeForce RTX 4070 Ti SUPER,31819,9
RTX PRO 6000 Blackwell Max-Q Workstation Edition,31615,10
GeForce RTX 4070 Ti,31614,11
RTX PRO 6000 Blackwell Workstation Edition,31366,12
Radeon RX 7900 XTX,31238,13
RTX 5000 Ada Generation,30629,14
RTX PRO 4000 Blackwell Generation Laptop GPU,30028,15
GeForce RTX 4070 SUPER,29997,16
GeForce RTX 5090 Laptop GPU,29759,17
GeForce RTX 3090 Ti,29445,18
RTX PRO 4500 Blackwell,29271,19
GeForce RTX 5070,29122,20
Radeon RX 7900 XT,29030,21
RTX 6000 Ada Generation,28706,22
RTX PRO 3000 Blackwell Generation Laptop GPU,28506,23
RTX PRO 5000 Blackwell Generation Laptop GPU,28467,24
Radeon PRO W7900,28261,25
Radeon RX 6950 XT,28059,26
GeForce RTX 5080 Laptop GPU,27580,27
RTX 4500 Ada Generation,27443,28
GeForce RTX 4090 Laptop GPU,27230,29
Radeon RX 7900 GRE,27094,30
GeForce RTX 4070,26922,31
Radeon PRO W7800,26898,32
GeForce RTX 3080 Ti,26896,33
Radeon RX 9070 XT,26814,34
Radeon RX 6900 XT,26729,35
GeForce RTX 3090,26639,36
GeForce RTX 3080 12GB,26555,37
Radeon RX 9070,25398,38
RTX 3500 Ada Generation Embedded GPU,25188,39
RTX 5880 Ada Generation,25095,40
GeForce RTX 3080,25086,41
Radeon RX 6800 XT,24977,42
GeForce RTX 4080 Laptop GPU,24923,43
Radeon RX 7800 XT,24168,44
RTX 4000 Ada Generation,24115,45
GeForce RTX 5070 Ti Laptop GPU,23912,46
RTX 5000 Ada Generation Laptop GPU,23565,47
GeForce RTX 3070 Ti,23353,48
Radeon PRO W7700,23154,49
GeForce RTX 5060 Ti 16GB,22877,50
Videocard Name,"Passmark G3D Mark
(higher is better)","Rank
(lower is better)"
GeForce RTX 4060 Ti 16GB,22739,51
Radeon RX 9070 GRE,22713,52
Racer-Tech USB Display Device,22705,53
GeForce RTX 4060 Ti,22696,54
GeForce RTX 5060 Ti 8GB,22634,55
Radeon RX 7900M,22627,56
RTX A5000,22604,57
RTX A6000,22588,58
Radeon RX 7700 XT,22510,59
GeForce RTX 3070,22210,60
NVIDIA A10,22064,61
RTX 4000 Ada Generation Laptop GPU,22062,62
Radeon RX 6800,22058,63
GRID RTX6000-6Q,21986,64
Meta Virtual Monitor,21584,65
GeForce RTX 2080 Ti,21541,66
RTX A4500,21251,67
RTX A5500,21180,68
Virtual Desktop Monitor,20961,69
GeForce RTX 5060,20763,70
Radeon RX 6750 XT,20700,71
TITAN RTX,20491,72
GeForce RTX 5070 Laptop GPU,20452,73
RTX 4000 SFF Ada Generation,20407,74
GeForce RTX 3060 Ti,20342,75
RTX 5000 Ada Generation Embedded GPU,20311,76
Radeon RX 9060 XT 8GB,20242,77
Radeon RX 6750 GRE 12GB,20169,78
Radeon RX 9060 XT 16GB,20125,79
Radeon PRO W6800,20050,80
L40S,20022,81
TITAN V,19804,82
Quadro RTX 8000,19798,83
Radeon RX 6700 XT,19785,84
RTX 3500 Ada Generation Laptop GPU,19728,85
GeForce RTX 4070 Laptop GPU,19583,86
GeForce RTX 4060,19541,87
GeForce RTX 2080 SUPER,19485,88
Quadro GV100,19456,89
RTX A4000,19455,90
GeForce RTX 3080 Ti Laptop GPU,19250,91
Radeon RX 6700,18913,92
SudoMaker Virtual Display Adapter,18779,93
NVIDIA TITAN Xp,18775,94
GeForce RTX 2080,18710,95
TITAN Xp COLLECTORS EDITION,18695,96
GeForce GTX 1080 Ti,18596,97
Radeon RX 6750 GRE 10GB,18519,98
GeForce RTX 5060 Laptop GPU,18225,99
Videocard Name,"Passmark G3D Mark
(higher is better)","Rank
(lower is better)"
Quadro RTX 6000,18207,100
GeForce RTX 2070 SUPER,18162,101
GeForce RTX 3070 Ti Laptop GPU,17716,102
Radeon 8060S,17677,103
NVIDIA A10G,17660,104
GeForce RTX 5050,17549,105
GeForce RTX 4060 Laptop GPU,17449,106
Radeon RX 6850M XT,17334,107
RTX A5500 Laptop GPU,17278,108
Radeon RX 6650 XT,17167,109
RTX 2000 Ada Generation,17148,110
Radeon RX 7600 XT,17127,111
Radeon RX 6650M XT,17070,112
EIZO Quadro MED-XN92,17035,113
TITAN V CEO Edition,16987,114
GeForce RTX 3060,16981,115
GeForce RTX 3060 12GB,16807,116
RTX PRO 2000 Blackwell Generation Laptop GPU,16706,117
Radeon RX 7600,16638,118
GeForce RTX 5050 Laptop GPU,16584,120
RTX A4500 Laptop GPU,16584,119
Radeon RX 5700 XT 50th Anniversary,16468,121
GeForce RTX 2060 SUPER,16461,123
Radeon RX 6600 XT,16461,122
Radeon PRO W7600,16393,124
Radeon VII,16360,125
GeForce RTX 3080 Laptop GPU,16318,126
Radeon RX 7800M,16291,127
Radeon RX 5700 XT,16266,128
Parsec Virtual Display Adapter,16098,129
GeForce RTX 2070,16096,130
Radeon 8050S,16051,131
GeForce RTX 2060 12GB,15931,132
Radeon RX 6800S,15929,133
Radeon RX 7650 GRE,15824,134
RTX A5000 Laptop GPU,15810,135
Intel Arc B580,15781,136
RTX 3000 Ada Generation Laptop GPU,15754,137
Radeon Pro V620 MxGPU,15632,138
Radeon RX 7700S,15631,139
Radeon Pro Vega II,15596,140
Quadro RTX 5000,15590,141
GeForce GTX 1080,15584,142
RTX 2000 Ada Generation Embedded GPU,15505,143
Quadro P6000,15427,144
GeForce RTX 3070 Laptop GPU,15302,145
Radeon RX 7600S,15276,146
GeForce RTX 3060 8GB,15225,147
USB Mobile Monitor Virtual Display,15222,148
Videocard Name,"Passmark G3D Mark
(higher is better)","Rank
(lower is better)"
RTX PRO 1000 Blackwell Generation Laptop GPU,15209,149
RTX 2000 Ada Generation Laptop GPU,15143,150
Quadro RTX 4000,15112,151
Radeon PRO W6600,15096,152
Radeon RX 6700S,15091,153
Radeon RX 6600,15089,154
Radeon RX 6650M,15064,155
GeForce RTX 2080 (Mobile),15013,156
Quadro GP100,14911,157
Quadro RTX 5000 (Mobile),14832,158
RTX A4000 Laptop GPU,14763,159
GeForce GTX 1070 Ti,14681,160
RadeonT RX 6850M XT,14609,161
Radeon Pro W5700,14519,162
GeForce RTX 4050 Laptop GPU,14412,163
RTX 2000E Ada Generation,14370,164
RTX PRO 2000 Blackwell,14363,165
Radeon RX 5700,14316,166
Intel Arc B570,14184,167
Radeon RX 7600M XT,14137,168
GeForce RTX 2060,14115,169
Radeon RX Vega 64,14032,170
Radeon Pro Vega II Duo,14018,171
Radeon RX 6600M,13945,172
NVIDIA A40,13900,173
RTX A3000 12GB Laptop GPU,13749,174
GeForce GTX 980 Ti,13713,175
RTX A2000 12GB,13706,176
NVIDIA TITAN X,13659,177
Tesla V100-SXM2-16GB,13625,178
GeForce RTX 2080 Super with Max-Q Design,13593,179
GeForce RTX 2070 Super with Max-Q Design,13581,180
Radeon RX 6700M,13534,181
RTX A2000,13533,182
GeForce GTX 1070,13500,183
Radeon RX 6600 LE,13460,184
RTX 1000 Ada Generation Laptop GPU,13453,185
Radeon RX 5600 XT,13451,186
Radeon Pro Vega 64X,13369,187
Radeon PRO W7500,13362,188
A100-SXM4-40GB,13326,189
Radeon RX 6800M,13291,190
Intel Arc A770,13259,191
GeForce RTX 3060 Laptop GPU,13223,192
RTX PRO 500 Blackwell Generation Laptop GPU,13191,193
Radeon PRO W6600X,13113,194
Radeon RX Vega 56,13076,195
Radeon Pro VII,13052,196
Quadro RTX 5000 with Max-Q Design,12988,197
Videocard Name,"Passmark G3D Mark
(higher is better)","Rank
(lower is better)"
A10G,12907,198
Radeon Pro Vega 64,12890,199
Radeon Vega Frontier Edition,12872,200
GeForce GTX 1660 Ti,12848,201
GeForce RTX 2080 with Max-Q Design,12812,202
Radeon Pro WX 8200,12810,203
Radeon RX 7600M,12804,204
RTX A3000 Laptop GPU,12794,205
GeForce GTX TITAN X,12745,206
GeForce GTX 1660 SUPER,12698,207
Radeon RX 6600S,12678,208
Quadro P5000,12629,209
Tesla T10,12557,210
GeForce RTX 3050 8GB,12548,211
Radeon Pro 5700 XT,12546,212
Intel Arc A750,12543,213
Quadro RTX 4000 with Max-Q Design,12463,214
GeForce RTX 2070 (Mobile),12357,215
Radeon Pro Vega 56,12353,216
Tesla V100-PCIE-16GB,12328,217
Quadro P5200 with Max-Q Design,12308,218
Radeon RX 5600 OEM,12286,219
Radeon RX 6850M,12274,220
Radeon Pro V520 MxGPU,12257,221
Radeon Pro WX 9100,12209,222
GeForce RTX 3050 Laptop GPU,12144,223
Intel Arc A580,12030,224
Tesla P40,12020,225
GeForce RTX 3050 OEM,11867,226
Tesla P100-PCIE-16GB,11813,227
Quadro P5200,11800,228
Quadro M6000,11782,229
Quadro M6000 24GB,11782,230
Intel Arc A770M,11747,231
Quadro RTX 4000 (Mobile),11734,232
Radeon RX 5600,11725,233
Quadro P4200 with Max-Q Design,11703,234
L40-8Q,11670,235
GeForce GTX 1660,11645,236
GeForce RTX 2070 with Max-Q Design,11505,237
Radeon Pro 5700,11469,238
Quadro P4000,11467,239
GeForce GTX 1080 with Max-Q Design,11464,240
RTX A1000 Embedded GPU,11460,241
GeForce RTX 3050 A Laptop GPU,11381,242
GeForce RTX 2060 (Mobile),11352,243
Radeon PRO W6600M,11287,244
Radeon Pro Vega 48,11269,245
GeForce GTX 980,11092,246
Videocard Name,"Passmark G3D Mark
(higher is better)","Rank
(lower is better)"
RTX 500 Ada Generation Laptop GPU,10983,247
Radeon Pro SSG,10971,248
Quadro RTX 3000,10949,249
RTX A2000 Embedded GPU,10860,250
RTX A1000,10781,251
GeForce RTX 3050 6GB,10715,252
Tesla T4,10647,253
Tesla M40 24GB,10641,254
RTX A2000 8GB Laptop GPU,10631,255
GeForce GTX 1070 (Mobile),10465,256
A40-48Q,10436,257
Quadro P4200,10419,258
SuperDisplay Virtual Adapter,10390,259
Tesla M40,10219,260
GeForce RTX 3050 6GB Laptop GPU,10192,261
GeForce GTX 1650 SUPER,10181,262
GeForce GTX 1660 Ti (Mobile),10137,263
GeForce RTX 3050 Ti Laptop GPU,10096,264
GeForce GTX 1060,10080,265
RTX A1000 6GB Laptop GPU,10053,266
GRID P40-2B,9842,267
GeForce GTX 1070 with Max-Q Design,9835,268
Radeon 610M Ryzen 9 7845HX,9811,269
Intel Arc A730M,9808,270
GeForce GTX 1060 3GB,9805,271
Radeon R9 Fury + Fury X,9741,272
Radeon RX 6550M,9734,273
GeForce RTX 2060 with Max-Q Design,9733,274
GeForce GTX 970,9635,275
RTX A2000 Laptop GPU,9634,276
Radeon RX 6500 XT,9605,277
L4,9559,278
Radeon RX Vega Ryzen 5 5600GT,9558,279
Radeon R9 Fury,9539,280
6FDF:FF,9528,281
RTX A1000 Laptop GPU,9503,282
GeForce RTX 3050 4GB Laptop GPU,9499,283
A10-12Q,9493,284
GeForce GTX 780 Ti,9465,285
Quadro M5000,9441,286
Radeon R9 Fury X,9384,287
Quadro P2200,9372,288
Radeon RX 590,9350,289
Radeon R9 390X,9326,290
CMP 40HX,9283,291
Radeon Pro 5600M,9278,292
Intel Arc Pro A60,9194,293
GeForce GTX TITAN Black,9184,294
GeForce GTX 1060 5GB,9100,295
Videocard Name,"Passmark G3D Mark
(higher is better)","Rank
(lower is better)"
Tesla P4,9097,296
Quadro P3200 with Max-Q Design,9085,297
Quadro P4000 with Max-Q Design,9082,299
Radeon RX 5500 XT,9082,298
EIZO Quadro MED-XN72,9036,300
Radeon Pro W5500,8977,301
Radeon R9 390,8874,302
Radeon RX 5600M,8861,303
Radeon RX 580,8811,304
GeForce GTX TITAN Z,8810,305
Radeon RX 5500,8803,306
Radeon R9 295X2,8714,307
GeForce GTX 1660 Ti with Max-Q Design,8572,308
Radeon RX 480,8568,309
Quadro P3200,8558,310
RTX A4500 Embedded GPU,8485,311
GRID RTX6000-1B,8473,312
Radeon R9 290X,8456,313
Miracast display port driver V3,8421,314
Radeon RX590 GME,8418,315
RemotePC Adapter,8381,316
Radeon R9 290X / 390X,8380,317
Ryzen 5 4600HS with Radeon Graphics,8370,318
Radeon Pro Duo,8298,319
Radeon 890M,8245,320
GeForce GTX Titan,8197,321
Radeon R9 290,8192,322
GeForce GTX 1060 (Mobile),8160,324
GRID P40-2B4,8160,323
Radeon R9 290 / 390,8150,325
Quadro RTX 3000 with Max-Q Design,8127,326
Quadro K6000,8055,327
Radeon PRO W6400,8025,328
Ryzen 9 6900HS,8005,329
Intel Arc A530M,7963,330
GRID P40-24Q,7956,331
GeForce GTX 780,7949,332
Radeon RX 470/570,7946,333
Quadro M5500,7915,334
Radeon Pro 5500 XT,7883,335
GeForce GTX 1650,7874,336
GeForce GTX 1060 with Max-Q Design,7859,337
Radeon Pro WX 7100,7766,338
GeForce RTX 2050,7764,339
Radeon Pro 580,7753,340
FirePro W9100,7747,341
T1200 Laptop GPU,7714,342
Radeon 880M,7701,343
Radeon RX 6400,7684,344
Videocard Name,"Passmark G3D Mark
(higher is better)","Rank
(lower is better)"
T1000 8GB,7665,345
Radeon RX 780,7657,346
Tesla M60,7651,347
Radeon RX 580 2048SP,7649,348
T1000,7647,349
Radeon RX 580X,7624,350
Radeon RX 5300,7587,351
Radeon RX 6500M,7542,352
Radeon Pro 580X,7540,353
GeForce GTX 1650 Ti,7528,354
Radeon RX 6500,7510,355
GRID P40-8Q,7507,356
Radeon Pro W5500X,7350,357
GeForce GTX 980M,7338,358
Quadro T2000,7261,359
Radeon Pro 5300,7125,360
RadeonT 780M,7090,361
Quadro M5000M,7056,362
A10-8Q,7038,363
Ryzen 9 4900HS with Radeon Graphics,7022,364
T600 Laptop GPU,6999,365
GeForce GTX 1650 (Mobile),6968,366
Quadro P2000,6955,367
Radeon 780M,6953,368
Quadro T2000 with Max-Q Design,6867,369
Radeon Ryzen 9 6900HS,6855,370
Intel Arc 140T GPU,6809,371
Quadro T1000 with Max-Q Design,6756,372
Radeon Pro 5500M,6735,373
GeForce GTX 970XM FORCE,6706,374
FirePro W8100,6705,375
P106-100,6699,376
Quadro M4000,6678,377
Intel Arc Pro 140T GPU,6676,378
RTX A500 Laptop GPU,6655,379
Radeon RX Vega M GH,6581,380
GeForce GTX 1650 Ti with Max-Q Design,6556,381
Quadro T1000,6484,382
AMD Ryzen Z1 Extreme,6481,383
T600,6480,384
Quadro P3000,6461,385
Radeon RX 6300M,6421,386
Radeon Pro WX 7130,6405,387
Intel Arc 130T GPU,6346,388
GeForce GTX 1050 Ti,6340,389
Radeon Pro 570,6336,390
Intel Arc A380,6265,391
GeForce GTX 1650 with Max-Q Design,6257,392
Ryzen 7 6800HS with Radeon Graphics,6240,393
Videocard Name,"Passmark G3D Mark
(higher is better)","Rank
(lower is better)"
GRID P4-4Q,6234,394
Tesla M6,6226,395
GeForce MX570 A,6177,396
Ryzen 9 PRO 6950H with Radeon Graphics,6176,397
Quadro K5200,6160,398
FirePro W9000,6157,399
Radeon R9 380X,6143,400
Quadro M4000M,6132,401
GeForce GTX 960,6119,402
Ryzen 9 6900HS with Radeon Graphics,6109,403
Radeon R9 280X,6108,404
Radeon R9 380,6039,405
Radeon Ryzen 7 6800HS,6025,406
RTX A400,5966,407
GeForce GTX 770,5944,409
GRID P100-16Q,5944,408
Radeon Ryzen 7 6810U,5937,410
GeForce GTX 1050 Ti (Mobile),5917,411
Radeon Pro 5300M,5912,412
Radeon RX 5500M,5858,413
Radeon Ryzen 7 7736U,5818,414
Matrox LUMA A380P,5811,415
Ryzen 7 PRO 6850H with Radeon Graphics,5790,416
Radeon Ryzen 9 PRO 6950H,5781,417
Intel Arc Pro,5764,418
Ryzen 9 PRO 6950H,5758,419
GRID P40-12Q,5752,420
GeForce MX570,5714,421
GeForce GTX 970M,5710,422
L4-8Q,5706,423
Eng Sample: 100-000000560-40_Y,5655,424
Intel Arc 140T,5634,425
RadeonT 680M Ryzen 7 7735HS,5626,426
Radeon 680M Ryzen 9 6900HX,5613,427
GeForce GTX 680,5603,428
Radeon TM,5588,429
Radeon PRO Ryzen 7 PRO 6850U,5582,430
Ryzen 7 PRO 6850U,5580,431
GRID T4-8Q,5565,433
Radeon HD 7990,5565,432
Radeon PRO W6300,5559,434
Quadro M3000M,5550,435
Radeon R9 285 / 380,5549,436
Radeon R9 280,5540,437
Radeon 760M,5529,438
GRID M60-8A,5523,439
Intel Arc,5507,440
Radeon Pro WX 5100,5497,441
GeForce GTX 690,5486,442
Videocard Name,"Passmark G3D Mark
(higher is better)","Rank
(lower is better)"
Intel Arc Pro A40/A50,5478,443
Ryzen 7 6800HS Creator Edition,5465,444
Radeon Ryzen 7 PRO 6850H,5438,445
Intel Arc A310,5432,446
GeForce GTX 760 Ti OEM,5427,447
RTX A500 Embedded GPU,5404,448
Ryzen 9 5900HS with Radeon Graphics,5397,449
CMP 30HX,5376,450
Radeon Ryzen 7 7735H,5369,451
Radeon Ryzen 7 6800HS Creator Edition,5362,452
GeForce GTX 670,5352,453
GeForce GTX 950,5349,454
GeForce GTX 1050 Ti with Max-Q Design,5308,455
GeForce GTX 760 Ti,5306,456
Radeon RX 6300,5294,457
Quadro P2000 with Max-Q Design,5288,458
GRID P4-8Q,5283,459
A16,5280,460
Radeon HD 7970 / R9 280X,5247,461
Ryzen 7 6800H,5247,462
Ryzen 7 6800HS,5237,463
Intel Arc 140V GPU,5214,464
Radeon HD 8990,5214,465
GRID M60-2Q,5203,466
Ryzen 7 7735HS with Radeon Graphics,5175,467
Radeon Pro Vega 20,5168,468
Q12U-1,5164,469
Radeon Ryzen 9 6900HS Creator Edition,5155,470
Ryzen 9 6900HX with Radeon Graphics,5154,471
Radeon R9 M295X,5150,472
Ryzen 7 Pro 7735U with Radeon Graphics,5142,473
Ryzen 7 PRO 6850U with Radeon Graphics,5116,474
Intel Arc A370M,5115,475
GeForce GTX 1050 3GB,5108,476
FirePro W7100,5107,477
Radeon Ryzen 7 PRO 6850U,5096,479
Radeon Ryzen Z2 Go,5096,478
L40S-8Q,5093,480
Ryzen 7 7735U with Radeon Graphics,5081,481
Ryzen 7 PRO 6860Z,5076,482
FirePro S9000,5059,483
Radeon Ryzen 7 PRO 6850HS,5057,484
GeForce GTX 1050,5029,485
Radeon Ryzen 7 7735HS,5007,486
Ryzen 7 6800U,5006,487
Radeon Ryzen 7 6800H,4991,488
GeForce GTX 1630,4976,489
Radeon R9 M395X,4973,490
Ryzen 7 6800H with Radeon Graphics,4959,491
Videocard Name,"Passmark G3D Mark
(higher is better)","Rank
(lower is better)"
EIZO Quadro MED-XN51LP,4951,492
Barco MXRT 7600,4943,493
Radeon R9 M395,4929,494
L4-4Q,4926,495
GRID P40-4Q,4921,496
GRID T4-16Q,4910,497
Intel Arc A310 LP,4905,498
FirePro S9050,4901,499
Radeon R9 270X,4872,500
Ryzen 7 PRO 6860Z with Radeon Graphics,4869,501
Radeon 860M,4839,502
Radeon RX 5300M,4815,503
Radeon Pro WX Vega M GL,4814,504
Radeon Pro Vega 16,4809,505
GeForce GTX 760,4807,506
T550 Laptop GPU,4787,507
GRID RTX6000P-6Q,4777,508
FirePro S10000,4768,509
Radeon HD 7950 / R9 280,4764,510
Ryzen 7 6800U with Radeon Graphics,4760,511
A16-2Q,4747,512
Radeon R9 370,4722,513
Radeon Sky 500,4709,514
Radeon Ryzen 7 7735U,4705,515
Ryzen 9 PRO 6950HS with Radeon Graphics,4704,516
NVIDIA A40-8Q,4681,517
GeForce GTX 580,4634,518
Radeon HD 7870,4599,519
Radeon 680M,4593,520
Intel Arc 130V GPU,4587,521
Radeon Ryzen 7 PRO 6860Z,4575,522
B8DKMDAP,4557,523
Radeon Pro 465,4537,524
GeForce MX550,4524,525
FirePro S7000,4523,526
Quadro P1000,4510,527
Tesla K40c,4494,528
Radeon R7 370,4487,529
L4-6Q,4473,530
Radeon HD 7870 XT,4469,531
GeForce GTX 1050 (Mobile),4462,532
Radeon 660M Ryzen 5 6600H,4461,533
GRID M60-1B,4456,534
Tesla K20m,4432,535
GRID P6-4Q,4429,536
Radeon Ryzen 9 PRO 6950HS,4427,537
GeForce GTX 660 Ti,4408,538
Radeon Instinct MI25 MxGPU,4403,540
Tesla K20Xm,4403,539
Videocard Name,"Passmark G3D Mark
(higher is better)","Rank
(lower is better)"
A16-4Q,4386,541
L40S-12Q,4371,542
FirePro W7000 Adapter,4359,543
A16-8Q,4351,544
GRID GTX P40-6,4340,545
NVIDIA A40-12Q,4335,546
Quadro K4200,4331,547
Radeon Ryzen 7 6800U,4311,548
Radeon 680M Ryzen 7 7735HS,4310,549
Radeon R9 270,4306,550
Tesla K80,4300,551
Quadro M2200,4276,552
FirePro W7000,4273,553
FirePro W8000,4259,555
Radeon R9 270 / R7 370,4259,554
NVIDIA A40-4Q,4240,556
Radeon Eng Sample: 100-000000536-40_Y,4211,557
Eng Sample: 100-000000561-40_Y,4206,558
GRID V100D-8Q,4155,559
GRID P40-2Q,4130,560
Radeon RX 460,4093,561
Ryzen 7 PRO 6850HS with Radeon Graphics,4087,562
GeForce GTX 480,4075,563
Radeon PRO Ryzen 5 PRO 6650U,4066,564
L4-2Q,4062,565
RadeonT 660M Ryzen 5 7535HS,4051,566
GeForce GTX 660,4029,567
Radeon HD 7800-serie,4029,568
Quadro M2000,4016,569
GeForce GTX 1050 with Max-Q Design,3989,570
Quadro K5000,3979,571
GRID P6-2Q,3925,572
GeForce GTX 570,3922,573
GeForce GTX 750 Ti,3903,574
Radeon HD 7850,3887,575
GRID M60-8Q,3883,576
Radeon HD 8970M,3876,577
Radeon 840M,3875,578
Radeon RX Vega M GL,3874,579
Matrox LUMA A310F,3873,580
Radeon R9 M390X,3850,581
Radeon Ryzen 7 Pro 7735U,3843,582
GeForce GTX 965M,3836,583
GRID M60-4Q,3831,584
GeForce GTX 780M,3822,585
GeForce GTX 880M,3817,586
T400 4GB,3801,587
FirePro S7150,3770,588
GRID T4-2Q,3765,589
Videocard Name,"Passmark G3D Mark
(higher is better)","Rank
(lower is better)"
Barco MXRT 7500,3753,590
Ryzen 5 Pro 7535U with Radeon Graphics,3750,591
Radeon Ryzen 5 6600HS Creator Edition,3743,592
GeForce MX450,3717,593
Radeon Pro WX 4100,3699,594
GRID M60-1Q,3694,595
GRID P40-1B,3690,598
Matrox LUMA A310,3690,597
Ryzen 5 6600HS Creator Edition,3690,596
GeForce GTX 775M,3688,599
GeForce GTX 680MX,3686,600
Radeon Pro 560X,3677,601
Quadro P620,3676,602
Radeon RX 560,3670,603
Radeon Ryzen 5 PRO 6650U,3664,604
Radeon R9 M485X,3660,605
GRID T4-4Q,3635,606
T500,3631,607
P104-100,3614,608
T400,3600,609
Quadro K2200,3580,610
Ryzen 5 6600H with Radeon Graphics,3579,611
Radeon HD 7970M,3575,612
GeForce GTX 680M KY_Bullet Edition,3568,613
GRID M6-8Q,3568,614
VMware Horizon Indirect Display Driver,3565,615
L4-12Q,3543,616
Ryzen 5 PRO 6650U with Radeon Graphics,3533,617
Radeon Ryzen 5 7533HS,3523,618
GeForce GTX 870M,3521,619
Ryzen 5 PRO 6650U,3519,620
GRID K520,3516,621
Quadro 7000,3505,622
Quadro K2200M,3497,623
Radeon Pro 560,3475,624
Radeon Pro W5500M,3469,625
GeForce GTX 960A,3464,626
Radeon Pro 460,3452,627
Radeon Ryzen 5 6600H,3447,628
Quadro M2000M,3431,629
Tesla C2050 / C2070,3428,630
Radeon RX 560X,3406,631
GeForce GTX 650 Ti BOOST,3400,632
GeForce GTX 960M,3371,633
Radeon E8870PCIe,3368,635
Radeon HD8970M,3368,634
P102-100,3356,636
GeForce GTX 590,3341,637
Radeon Ryzen 7 4800H,3332,638
Videocard Name,"Passmark G3D Mark
(higher is better)","Rank
(lower is better)"
GeForce GTX 750,3323,639
Ryzen 5 7535U with Radeon Graphics,3323,640
A40-24Q,3317,641
Quadro P600,3316,642
GRID T4-1Q,3302,643
Radeon 660M,3280,644
GeForce GTX 680M,3276,645
A16-1Q,3275,646
GRID P100-8Q,3267,647
L40S-24Q,3257,648
Custom GPU 0932,3254,649
Tesla M10,3248,650
Radeon Ryzen 9 7950X 16-Core,3247,651
GeForce 770M,3245,652
Snapdragon X Elite - X1E001DE - Qualcomm Adreno GP,3245,653
Radeon R9 M470X,3244,654
Ryzen 5 6600U with Radeon Graphics,3233,655
Radeon Ryzen 5 6600U,3232,656
Quadro K5100M,3230,657
Radeon R9 M290X,3217,658
Quadro M1200,3214,659
GRID P4-8A,3206,660
Radeon R7 260X,3191,661
Radeon Ryzen 5 7535U,3180,662
Tesla C2050,3175,663
FirePro V7000,3161,664
Intel Graphics,3158,665
GeForce GTX 470,3143,666
Tesla K40m,3143,667
Radeon Pro 555,3140,668
Radeon R7 360,3131,669
Tesla C2070,3120,670
Radeon Pro 455,3112,672
Radeon Ryzen 5 7535HS,3112,671
Radeon 740M,3110,673
Radeon Ryzen 7 4800HS,3102,674
Radeon HD 7790,3090,675
GeForce GTX 860M,3085,676
GeForce GTX 560 Ti,3067,677
L4-2A,3063,678
Radeon R9 260,3047,679
Radeon R9 360,3031,680
Tesla C2075,3016,681
Radeon HD 6990,3013,682
FirePro W5100,2989,683
Qualcomm Adreno X1-85 GPU,2987,684
Snapdragon X Elite - X1E84100 - Qualcomm Adreno GP,2981,685
GRID M10-4Q,2976,686
GeForce GTX 675MX,2969,687
Videocard Name,"Passmark G3D Mark
(higher is better)","Rank
(lower is better)"
Quadro K1200,2962,688
Radeon 660M Ryzen 5 7535HS,2962,689
FirePro W5000,2955,690
GRID K260Q,2949,691
Radeon Ryzen 7 PRO 5800H,2944,692
Radeon Ryzen 5 Pro 7535U,2941,693
Ryzen 9 5900HX with Radeon Graphics,2933,694
L40S-1Q,2931,695
Custom GPU 0405,2929,696
Radeon RX Vega Ryzen 7 5825U,2916,697
GRID T4-2B,2900,698
FirePro W7170M,2899,699
Radeon R7 260,2891,700
FirePro M6100 FireGL V,2880,701
Radeon Pro WX 4170,2869,702
Radeon Pro V340 MxGPU,2853,703
GRID K280Q,2839,704
Quadro M1000M,2838,705
Radeon HD 6970,2832,706
Radeon HD 8950,2825,707
Radeon Ryzen 7 5800H,2823,708
GeForce MX350,2818,709
FirePro 3D V9800,2811,710
Quadro K5000M,2804,711
Ryzen 7 5800HS with Radeon Graphics,2795,712
GeForce GTX 560,2774,713
Radeon R9 M380,2773,714
Quadro M620,2771,715
A10-4Q,2764,716
GeForce GTX 770M,2764,717
Quadro K4100M,2763,718
Ryzen 7 5700G with Radeon Graphics,2758,719
NVIDIA A10-4Q,2756,720
GRID P4-2B4,2753,721
GRID K2,2736,723
Ryzen 7 5800H with Radeon Graphics,2736,722
FirePro V9800,2726,724
FirePro W4300,2723,726
Quadro K4000,2723,725
Radeon Pro 450,2722,727
Parsec Virtual Display Adapter Ryzen 5 5600GT,2712,728
Barco MXRT 5500,2701,729
GRID P4-2Q,2692,730
GRID M10-2Q,2691,731
Quadro 6000,2691,732
Radeon RX 550,2686,733
Ryzen 7 Pro 4750G with Radeon Graphics,2681,734
Radeon Ryzen 5 PRO 6650H,2678,735
DisplayLink USB Device Ryzen 7 Pro 7735U,2677,736
Videocard Name,"Passmark G3D Mark
(higher is better)","Rank
(lower is better)"
Ryzen 7 5700GE with Radeon Graphics,2677,737
GeForce GTX 465,2653,738
FirePro R5000,2646,739
Intel Iris Xe,2644,740
MONSTER GeForce GTX 675M,2637,741
Radeon Eng Sample: 100-000000285-30_Y,2627,742
Radeon Pro WX 3100,2608,743
Snapdragon X Elite - X1E80100 - Qualcomm Adreno GP,2603,744
Snapdragon X Plus - X1P64100 - Qualcomm Adreno GPU,2601,745
GeForce GTX 950A,2598,746
Radeon Pro WX 4150,2596,747
Radeon Ryzen 7 4700GE,2595,748
Radeon Ryzen 9 4950U Mobile,2594,749
Radeon HD 6950,2588,750
Radeon Ryzen 7 4700G,2585,751
Radeon Ryzen 9 4900H,2583,752
GeForce GTX 950M,2573,753
Ryzen 7 PRO 7730U with Radeon Graphics,2566,754
Snapdragon X Elite - X1E78100 - Qualcomm Adreno GP,2565,755
Ryzen 5 5600G with Radeon Graphics,2555,756
Ryzen 7 PRO 4750GE with Radeon Graphics,2549,757
Ryzen 5 5600GE with Radeon Graphics,2547,758
GRID K240Q,2541,759
GeForce GTX 850M,2538,760
Radeon HD 6850 X2,2534,761
FireStream 9370,2528,763
Radeon Ryzen 7 5800HS,2528,762
Radeon Ryzen 7 PRO 4750G,2526,764
N18E-Q1,2525,765
GeForce GTX 650 Ti,2516,766
Ryzen 7 4700GE with Radeon Graphics,2496,767
Ryzen 5 PRO 5650G with Radeon Graphics,2481,768
Radeon Ryzen 5 7430U,2472,769
Barco MXRT 5600,2465,770
Radeon Ryzen 5 5500GT,2461,771
Ryzen 5 PRO 5650GE with Radeon Graphics,2455,772
Ryzen 7 PRO 5750GE with Radeon Graphics,2444,773
FirePro 3D V8800,2437,774
Ryzen 7 7730U with Radeon Graphics,2433,775
MirrorOp Virtual Adaptor Ryzen 5 Pro 7535U,2429,776
Radeon Ryzen 5 5600GT,2424,777
GeForce GT 1030,2420,778
Radeon Ryzen 5 5600GE,2418,779
FirePro M6100,2417,780
Radeon Ryzen 5 5600H,2412,781
P106-090,2404,782
Radeon RX Vega 11 PRD,2401,783
Radeon Ryzen 7 5825U,2401,784
Radeon Ryzen 7 7730U,2399,785
Videocard Name,"Passmark G3D Mark
(higher is better)","Rank
(lower is better)"
Radeon Ryzen 7 5800U,2398,786
Ryzen 7 PRO 5750G with Radeon Graphics,2392,787
GRID M10-1Q,2384,788
GeForce MX250,2383,790
Radeon Ryzen 5 PRO 5655G,2383,789
Radeon Ryzen 7 PRO 4750GE,2382,792
Ryzen 5 Pro 4650G with Radeon Graphics,2382,791
RadeonT 680M Ryzen 7 6800H,2381,793
Radeon RX 550X,2370,794
GeForce MX330,2366,795
Radeon Pro,2365,796
GeForce GTX 485M,2359,797
FirePro W6150M,2358,798
Radeon RX Vega Ryzen 5 5500U,2356,799
Ryzen 7 5825U with Radeon Graphics,2351,800
Ryzen 7 4800U with Radeon Graphics,2343,801
Ryzen 5 4600G with Radeon Graphics,2341,802
Radeon Ryzen 5 4600GE with Radeon Graphics,2337,803
Radeon R9 M470,2330,804
Radeon RX Vega Ryzen 3 5300U,2329,805
Ryzen 3 4300GE with Radeon Graphics,2323,806
Radeon Ryzen 7 4800U,2318,807
A16-2B,2317,808
Radeon RX Vega - Renoir Ryzen 3 5300U,2312,809
mv video hook driver2,2311,810
Ryzen 7 5800U with Radeon Graphics,2310,811
Ryzen 5 PRO 4400G with Radeon Graphics,2305,812
Ryzen 7 PRO 5850U with Radeon Graphics,2302,813
Ryzen 3 PRO 5350G with Radeon Graphics,2299,814
Ryzen 5 5600H with Radeon Graphics,2297,815
Radeon HD 5970,2296,817
Radeon Ryzen 7 PRO 7730U,2296,816
Radeon Ryzen 5 PRO 5650G,2292,818
Radeon Pro WX 3200,2288,819
FirePro V8800,2280,821
GeForce GTX 460,2280,820
Radeon Ryzen 5 PRO 4400G,2276,822
Radeon Ryzen 5 PRO 4655GE,2274,823
Radeon Ryzen 5 PRO 5650GE,2272,824
Radeon HD 6970M,2270,825
Ryzen 5 7430U with Radeon Graphics,2270,826
Radeon R7 250X,2268,827
Radeon Ryzen 7 Microsoft Surface Edition,2268,828
Quadro K3100M,2265,829
FirePro V7900,2260,830
GeForce MX150,2254,831
Radeon Ryzen 5 PRO 4655G,2253,832
Ryzen 5 7530U with Radeon Graphics,2250,834
Ryzen 7 9700X 8-Core Processor,2250,833
Videocard Name,"Passmark G3D Mark
(higher is better)","Rank
(lower is better)"
Radeon 660M Ryzen 3 7335U,2248,835
Radeon Ryzen 7 5700U,2245,836
Ryzen 7 5700U with Radeon Graphics,2241,837
Quadro M600M,2239,838
Ryzen 5 5500GT with Radeon Graphics,2224,839
GRID P100-1B,2223,841
Radeon Ryzen 5 7530U,2223,840
Quadro K620,2220,843
RadeonT 660M,2220,842
Radeon Vega 11 Ryzen 5 PRO 3350GE,2217,844
Radeon Ryzen Embedded V2748,2216,845
Radeon HD 6870,2205,846
Parsec Virtual Display Adapter Ryzen 7 5825U,2202,848
Radeon Ryzen 9 7900X 12-Core,2202,847
Ryzen 5 5600GT with Radeon Graphics,2200,849
Radeon HD 5870,2190,850
Ryzen 7 4700G with Radeon Graphics,2186,851
Radeon Ryzen 7 PRO 5875U,2183,852
Radeon HD 7770,2174,853
Radeon Vega 11 Ryzen 5 PRO 3350G,2172,854
Radeon RX 640,2168,856
Radeon RX Vega 11 Ryzen 5 3400G,2168,855
Ryzen 5 PRO 4650GE with Radeon Graphics,2155,857
Radeon Ryzen 3 7335U,2152,858
GRID P4-1B,2151,860
Ryzen 7 Extreme Edition,2151,859
Ryzen 5 5600U with Radeon Graphics,2150,861
Ryzen 3 PRO 7330U with Radeon Graphics,2144,862
Ryzen 5 4600H with Radeon Graphics,2137,863
Radeon Ryzen 9 5900H,2134,864
VirtualMonitor Device,2130,865
GeForce GTX 745,2126,866
Radeon 550,2126,867
Radeon Eng Sample: 100-000000146-20_37/30_Y,2123,868
Radeon Ryzen 7 PRO 5755GE,2117,869
Ryzen 7 4800H with Radeon Graphics,2113,870
GeForce 945M,2108,871
Radeon Ryzen 5 5625U,2107,872
Ryzen 5 5560U with Radeon Graphics,2098,873
Intel G35 Express,2097,875
Radeon RX Vega 11,2097,874
Radeon Ryzen 5 5600U,2090,876
GeForce GTX 580M,2074,877
Ryzen 3 Pro 4350G with Radeon Graphics,2073,878
GRID M6-1Q,2069,879
GRID M10-8Q,2068,880
Ryzen 7 PRO 5875U with Radeon Graphics,2067,881
Radeon RX 540,2063,882
Quadro K4000M,2061,883
Videocard Name,"Passmark G3D Mark
(higher is better)","Rank
(lower is better)"
Radeon R9 M385,2060,884
Radeon TM R9 A360,2060,885
Quadro 5000M,2059,886
Radeon Ryzen 5 Microsoft Surface Edition,2059,887
Quadro P520,2050,888
Radeon Ryzen 5 5500U,2040,889
Radeon Vega 11 Ryzen 5 PRO 3400G,2040,890
Radeon Ryzen 5 5560U,2035,891
Ryzen 7 4700U with Radeon Graphics,2034,892
Radeon Ryzen 7 4700U,2031,893
Radeon Pro WX 4130,2030,894
Ryzen 7 PRO 4750U with Radeon Graphics,2029,895
FirePro V7800,2028,896
GeForce GTX 765M,2016,897
Ryzen 5 PRO 4500U with Radeon Graphics,2007,898
GeForce GT 645,2005,899
Radeon Vega 8 Mobile Ryzen 5 3500U,2005,900
Radeon Ryzen 7 PRO 4750U,2003,901
Radeon Ryzen Embedded V2718,1998,902
Moore Threads S3000 MTvGPU-1132,1997,903
Ryzen 5 5625U with Radeon Graphics,1996,904
Radeon R9 M385X,1993,905
GeForce GTX 460 SE,1992,906
Radeon Ryzen 3 PRO 7335U,1992,907
Radeon R9 350,1988,908
Intel Iris Pro 580,1985,909
Ryzen 5 PRO 5650U with Radeon Graphics,1984,910
Radeon R7 + R7 350 Dual,1982,911
Ryzen 3 7335U with Radeon Graphics,1980,912
GeForce GTX 670MX,1976,913
Intel Iris Xe MAX,1971,914
Ryzen 5 5500U with Radeon Graphics,1970,915
Intel Iris Xe MAX 100,1964,917
Radeon HD 5850,1964,916
Quadro 5000,1962,918
Radeon R7 + HD 7700 Dual,1962,919
Qualcomm Adreno 8cx Gen 3,1961,920
Radeon HD 7660D + HD 7700 Dual,1958,921
GeForce GTX 460 v2,1954,922
GeForce GTX 470M,1953,923
Radeon Ryzen 3 PRO 5355GE,1951,924
Radeon Vega 8 Ryzen 3 3200GE,1951,925
Ryzen 3 5300GE with Radeon Graphics,1950,926
Radeon Ryzen 9 7900 12-Core,1949,927
Radeon HD 6850,1945,928
Radeon RX Vega 11 Ryzen 5 3400GE,1941,929
Intel UHD Graphics P630,1934,930
Ryzen 3 PRO 4350GE with Radeon Graphics,1931,931
Ryzen 3 5300G with Radeon Graphics,1930,932
Videocard Name,"Passmark G3D Mark
(higher is better)","Rank
(lower is better)"
Radeon RX 570X,1923,934
Radeon Ryzen 5 PRO 5675U,1923,933
Radeon HD 7560D + 7700 Dual,1919,935
RadeonT RX Vega 11,1916,936
Qualcomm Adreno 8cx Gen 3 GPU,1909,937
Intel UHD Graphics 770,1904,938
Ryzen 5 4600U with Radeon Graphics,1904,939
Radeon HD 7700-serie,1899,940
Radeon RX Vega 10 Ryzen 7 3750H,1898,941
Radeon HD 8670D + HD 7700 Dual,1892,942
Quadro M520,1891,943
GeForce GTX 675M,1889,944
Citrix Indirect Display Adapter,1888,945
Radeon R7 450,1887,946
GeForce GTX 645,1879,947
GeForce GTX 570M,1877,948
Radeon Pro WX 2100,1875,949
FirePro M5100,1874,951
Ryzen 5 PRO 7530U with Radeon Graphics,1874,950
Matrox C680 PCIe x16,1873,952
Intel HD 5600,1868,953
FirePro 3D V7800,1867,955
Radeon Ryzen 7 7700X 8-Core,1867,954
Radeon Ryzen Embedded R2544,1864,956
Radeon Vega 11,1863,957
Ryzen 5 9600X 6-Core Processor,1858,958
Meta Virtual Monitor Ryzen 5 7600X 6-Core,1854,959
Radeon Ryzen 3 PRO 7330U,1853,960
GeForce 945A,1852,961
GeForce GTX 560 SE,1847,963
Radeon RX Vega 11 Ryzen 5 3350G,1847,962
Qualcomm Adreno X1-45 GPU,1842,964
Firepro W5170M,1840,965
FirePro M5100 FireGL V,1839,966
GRID M60-0B,1838,967
Radeon HD 8570D + HD 7700 Dual,1834,968
Ryzen 7 9800X3D 8-Core Processor,1830,969
GeForce MX230,1828,970
Radeon Ryzen 5 7600X3D 6-Core,1827,972
Ryzen 3 PRO 5350GE with Radeon Graphics,1827,971
FirePro M6000,1820,973
Radeon R9 M360,1817,974
GeForce MX130,1813,975
Matrox C900 PCIe x16,1812,976
Ryzen 5 4500U with Radeon Graphics,1807,977
Radeon 610M Ryzen 9 7945HX,1802,978
Radeon Ryzen 5 PRO 5655GE,1801,979
Radeon Eng Sample: 100-000000149-40_40/30_Y,1800,980
Radeon HD 8870M / R9 M270X / M370X,1799,981
Videocard Name,"Passmark G3D Mark
(higher is better)","Rank
(lower is better)"
Intel Iris Plus,1796,982
Radeon HD 8670D + 7700 Dual,1788,983
Radeon R7 M465X,1786,984
Ryzen 9 9950X 16-Core Processor,1770,985
Radeon Ryzen 9 7900X3D 12-Core,1767,986
Radeon R9 M375X,1761,988
Radeon RX Vega 11 Processor,1761,987
Intel Iris Pro P580,1754,989
GeForce GTX 650,1752,990
SQExtFramebufferUmode Device,1752,991
Embedded Radeon E9173,1749,993
Intel Iris Plus 645,1749,992
Ryzen 3 PRO 4200GE with Radeon Graphics,1748,994
Radeon Eng Sample: 100-000000098-40_39/27_Y,1743,995
GeForce GTX 670M,1732,997
Radeon HD 5830,1732,996
GRID T4-1B,1731,998
Ryzen 9 9900X 12-Core Processor,1729,999
GeForce GT 755M,1724,1000
Radeon Ryzen Embedded V2516,1723,1001
Radeon Ryzen 5 7600 6-Core,1721,1002
Ryzen 5 PRO 5675U with Radeon Graphics,1719,1003
Intel Iris Plus 655,1718,1004
Radeon Ryzen 7 7700 8-Core,1714,1005
FirePro M6000 Mobility Pro,1712,1006
Intel UHD Graphics 750,1708,1007
Radeon HD 7750,1704,1008
GeForce GTX 760M,1703,1009
Radeon HD 6900M,1701,1010
Radeon Ryzen 3 PRO 5450U,1701,1011
Ryzen 3 7330U with Radeon Graphics,1693,1012
Quadro 5010M,1691,1013
Ryzen 3 5425U with Radeon Graphics,1691,1014
Ryzen 3 4300G with Radeon Graphics,1689,1015
Ryzen 5 PRO 4650U with Radeon Graphics,1689,1016
Radeon E8860,1686,1017
FirePro W600,1685,1018
Radeon Ryzen 7 7800X3D 8-Core,1673,1019
Radeon R7 M380,1668,1020
Radeon Ryzen 5 7600X 6-Core,1664,1021
Intel UHD Graphics P750,1662,1022
Radeon EPYC 4584PX 16-Core,1661,1023
Radeon Ryzen 7 PRO 7745 8-Core,1660,1024
Radeon Eng Sample: 100-000000144-40_38/38_Y,1659,1025
Radeon R9 M275X,1655,1026
Quadro P400,1654,1027
GeForce GTX 480M,1653,1030
PCI\VEN_1002&DEV_164E&SUBSYS_D0001458&REV_C3 Ryzen,1653,1028
Radeon Vega 8 Ryzen 3 3200G,1653,1029
Videocard Name,"Passmark G3D Mark
(higher is better)","Rank
(lower is better)"
Radeon Ryzen 9 7950X3D 16-Core,1652,1031
Quadro P500,1651,1032
Radeon HD HD7850M,1651,1033
Radeon Vega 8 Ryzen 5 3550H,1646,1034
PCI\VEN_1002&DEV_164E&SUBSYS_D0001458&REV_C7 Ryzen,1642,1035
Radeon HD 8870M,1638,1036
Quadro K3000M,1635,1037
Radeon EPYC 4344P 8-Core,1634,1038
Radeon RX Vega 10,1630,1039
FirePro M4000 Mobility Pro,1629,1040
GRID M10-2B,1623,1041
Radeon EPYC 4484PX 12-Core,1619,1042
Radeon Ryzen 5 PRO 7645 6-Core,1619,1043
Ryzen 3 PRO 5450U with Radeon Graphics,1617,1045
Ryzen 7 2700U with Radeon Vega,1617,1044
Radeon 610M Ryzen 9 7945HX3D,1612,1047
Radeon Ryzen 9 PRO 7945 12-Core,1612,1046
Radeon Ryzen 3 7330U,1609,1048
Radeon RX Vega11,1605,1049
Seria Radeon HD 7700,1603,1050
Ryzen 3 5400U with Radeon Graphics,1602,1051
Intel Iris Plus 650,1599,1052
Intel Iris Pro P6300,1596,1053
Radeon Ryzen 3 5300U,1595,1054
Radeon RX Vega11 Ryzen 7 3750H,1594,1055
FirePro M4000,1593,1056
Quadro K2000D,1590,1057
GeForce GTX 555,1588,1058
Radeon Vega 9,1587,1059
Radeon Vega 8 Ryzen 3 PRO 3200GE w/,1586,1060
Virtual Display Device,1582,1061
Quadro K2000,1579,1062
Radeon R9 M275X / M375,1574,1063
Radeon Athlon Gold PRO 4150GE,1573,1064
Radeon Vega 8,1573,1065
Radeon 630,1572,1066
Radeon Ryzen 3 5425U,1570,1067
Radeon Vega 10 Ryzen 7 PRO 3700U w/,1568,1068
Radeon 610M Ryzen 9 7940HX,1560,1069
Radeon R9 M370X,1559,1070
GeForce GTX 550 Ti,1556,1071
Radeon HD 7560D + HD 6670 Dual,1554,1072
Radeon HD 6790,1545,1073
Radeon HD 8470D + HD 7500 Dual,1545,1074
Radeon HD 4890,1543,1075
Ryzen 3 PRO 4300U with Radeon Graphics,1542,1076
Ryzen 3 5300U with Radeon Graphics,1539,1077
FirePro V8700,1538,1078
Radeon Vega 10 Mobile,1535,1079
Videocard Name,"Passmark G3D Mark
(higher is better)","Rank
(lower is better)"
Radeon Vega 10,1533,1080
Intel Iris Pro Graphics 6200,1525,1081
Intel UHD Graphics 730,1520,1082
Radeon Vega 9 Ryzen 5 3550H,1516,1083
GeForce 940MX,1513,1084
Radeon 540X,1512,1085
Radeon Ryzen Embedded R2514,1511,1086
FirePro W4100,1508,1087
Radeon HD 7870M,1507,1088
Ryzen 3 PRO 4450U with Radeon Graphics,1503,1089
Ryzen 5 2500U with Radeon Vega,1503,1090
Radeon RX Vega 10 Ryzen 7 PRO 3700U w/,1502,1091
Radeon R9 255,1501,1092
GeForce GTX 285,1500,1093
Radeon Vega 11 Ryzen 5 PRO 3400GE w/,1500,1094
Intel UHD Graphics,1499,1095
Radeon Ryzen 3 PRO 5475U,1496,1096
Radeon Vega 9 Ryzen 5 Microsoft Surface Edition,1496,1097
Radeon Vega 8 Ryzen 5 PRO 3500U w/,1494,1098
GRID M10-1B,1493,1099
Radeon HD 6670 + 7660D Dual,1492,1100
GeForce 845M,1488,1101
Radeon RX Vega 8,1486,1102
Radeon HD 7660D + HD 6670 Dual,1484,1103
Radeon R9 M365X,1481,1104
Quadro 4000,1474,1105
Radeon RX Vega 10 Ryzen 7 3700U,1473,1106
GeForce GT 740,1457,1107
GeForce GTX 660M,1449,1108
Radeon Vega 6 Ryzen 3 3350U,1446,1109
Radeon Ryzen 5 3550H,1442,1110
Ryzen 5 PRO 4400GE with Radeon Graphics,1441,1111
Intel Iris 550,1436,1112
Radeon HD 8470D + HD 6670 Dual,1435,1113
Radeon Ryzen Embedded V2546,1435,1114
Radeon Vega 8 Mobile,1434,1115
Radeon 540,1433,1116
Intel Iris 650,1432,1117
Radeon Ryzen 3 PRO 4355GE,1431,1119
Ryzen 3 PRO 5475U with Radeon Graphics,1431,1118
Radeon HD 7560D + 7670 Dual,1426,1120
Radeon EPYC 4244P 6-Core,1424,1121
Radeon RX Vega11 Ryzen 7 Microsoft Surface Edition,1420,1122
GeForce MX110,1418,1123
Radeon R7 M370,1417,1124
Radeon 550X,1416,1125
Radeon Vega 8 Ryzen 3 PRO 3200G,1399,1126
FirePro W5130M,1392,1127
Radeon HD 4870,1386,1128
Videocard Name,"Passmark G3D Mark
(higher is better)","Rank
(lower is better)"
Radeon HD 7560D + HD 7670 Dual,1380,1129
GeForce GTX 275,1379,1130
Radeon EPYC 4564P 16-Core,1374,1131
Radeon HD 7850M,1372,1132
Quadro K2100M,1368,1134
Radeon R7 FX-9830P RADEON,1368,1133
Radeon Eng Sample: 100-000000151-40_38/33_Y,1367,1136
Ryzen 3 4300U with Radeon Graphics,1367,1135
FirePro M40003,1364,1137
Radeon HD 8670D + 6670 Dual,1361,1138
Radeon Vega 8 Ryzen 5 3500U,1359,1139
Intel Iris Plus 640,1358,1140
Radeon Vega 6 Ryzen 3 3300U,1357,1141
Radeon HD 5770,1346,1142
Radeon HD 7560D + HD 7700 Dual,1346,1143
MirrorOp Virtual Adaptor Ryzen 7 PRO 5850U,1345,1144
FireStream 9270,1341,1145
GeForce GTS 450,1334,1146
Radeon EPYC 4464P 12-Core,1331,1147
GeForce GT 750M,1329,1148
Radeon EPYC 4124P 4-Core,1322,1149
Radeon HD 8670D + HD 7600 Dual,1317,1150
FirePro M5950,1314,1151
Radeon Vega 6,1312,1152
Radeon HD 4870 X2,1309,1153
Radeon HD 8790M,1305,1155
Tesla M2070-Q,1305,1154
Radeon Ryzen 7 3700U,1301,1156
TENSOR 1.0 Driver Intel HD 630,1299,1157
Radeon Vega 6 Ryzen 3 PRO 3300U w/,1288,1159
Radeon Vega 8 Ryzen 5 3450U,1288,1158
Quadro 4000M,1287,1160
GeForce 930MX,1284,1161
MxGPU,1282,1162
Radeon R7 A370,1281,1163
GeForce GTX 280,1277,1164
FirePro 3D V8750,1271,1165
GeForce GTX 560M,1266,1166
Intel Iris 540,1263,1167
Radeon HD 6770,1262,1168
Mirage Driver,1261,1169
Radeon HD 8570D + HD 6670 Dual,1260,1170
Radeon HD 7560D + HD 7600 Dual,1258,1171
GeForce 930A,1240,1172
Quadro 2000 D,1239,1173
Radeon HD 8570D + 6570 Dual,1239,1174
GRID P4-2B,1238,1175
Radeon HD 7660D + 6670 Dual,1238,1176
GeForce GT 745A,1237,1177
Videocard Name,"Passmark G3D Mark
(higher is better)","Rank
(lower is better)"
Radeon HD 7560D + HD 6570 Dual,1237,1178
Radeon R7 + R5 340 Dual,1234,1179
FirePro V5900,1232,1181
Intel UHD Graphics 630,1232,1182
Radeon R7 + R7 250 Dual,1232,1180
FirePro 3D V5800,1231,1183
GeForce GTX 760A,1226,1184
Intel HD P630,1224,1185
Radeon HD 8670D + HD 6670 Dual,1221,1186
GeForce GTX 460M,1214,1187
Quadro FX 5800,1213,1188
Radeon HD 8790M / R9 M290X,1210,1189
FirePro 3D V8700,1206,1191
GeForce GTX 260,1206,1190
N16P-GX,1204,1192
Radeon HD 7660D + 7540D Dual,1204,1193
Radeon R9 M270X,1204,1194
GeForce GTX 295,1200,1195
GeForce GT 650M,1195,1196
NVS 810,1191,1197
Radeon HD 7750M,1191,1198
Radeon R7 +8G,1190,1199
FirePro M4170,1188,1201
Radeon HD 7730,1188,1200
FirePro V5800,1184,1202
Quadro M500M,1177,1203
Intel Iris Pro 5200,1176,1204
GeForce 830A,1173,1205
Radeon HD 5750,1170,1206
Firepro W4190M,1168,1207
Radeon RX Vega 10 Ryzen 7 3700C,1166,1208
GeForce GT 640,1165,1210
Quadro K620M,1165,1209
FireStream 9250,1164,1211
Radeon R7 PRO A8-8670E,1162,1212
Barco MXRT 5400,1161,1213
GeForce GPU,1158,1215
Intel Coffee Lake UHD,1158,1216
Radeon R9 M265X,1158,1214
Intel HD P530,1155,1217
Radeon R7 M465,1145,1218
Radeon HD 8850M / R9 M265X,1139,1219
Radeon HD 4850 X2,1132,1220
GeForce 940M,1130,1222
Radeon HD 7560D + 6670 Dual,1130,1221
Radeon Ryzen 5 3450U,1129,1223
Radeon HD 8650G + 7700M Dual,1126,1224
Radeon R7 M350,1125,1225
GeForce 840A,1123,1226
Videocard Name,"Passmark G3D Mark
(higher is better)","Rank
(lower is better)"
Radeon HD 7660D + 7500 Dual,1121,1227
GeForce GT 545,1114,1228
Radeon R9 M275,1114,1229
Intel HD 630,1113,1230
GeForce 940A,1106,1231
Radeon 610M,1103,1232
Radeon R7 Opteron X3421,1103,1233
GeForce 840M,1100,1234
Quadro 2100M,1100,1236
Radeon HD 7660D + 6570 Dual,1100,1235
Radeon R7 430,1098,1237
Radeon R5 PRO A6-9500 2C+6G,1096,1238
GeForce GT 745M,1093,1239
GeForce GTX 850M - MODDED,1091,1240
Radeon Vega 3 Athlon PRO 300GE w/,1090,1241
Mobility Radeon HD 5870,1089,1242
RadeonT 610M,1089,1243
Quadro K1100M,1088,1245
Radeon Vega 3 Athlon Gold 3150G,1088,1244
MIRRORV3,1080,1246
Barco MXRT 5450,1079,1248
Radeon R7 A10-7870K,1079,1247
Radeon R7 + R7 200 Dual,1077,1249
Radeon 625,1075,1250
Radeon HD 8450G + 8600/8700M Dual,1070,1251
GeForce 920MX,1069,1252
Radeon HD 7660D + 7670 Dual,1061,1254
Radeon R7 250,1061,1253
FirePro W4170M,1060,1256
Radeon HD 7520G + 7700M Dual,1060,1255
Firepro M4100,1059,1257
Qualcomm Adreno 690 GPU,1054,1259
Radeon R7 M460,1054,1258
OPAL XT/GL,1053,1260
Intel UHD Graphics 710,1052,1261
Radeon HD 6750,1052,1262
Radeon HD 7670A,1050,1263
Radeon R7 A12-9800 RADEON,1050,1264
Radeon Vega 3 Mobile,1047,1265
Radeon R7 + R7 240 Dual,1045,1266
Radeon Vega 3 Athlon 300GE,1044,1267
Intel UHD Graphics 620,1042,1268
Radeon 535,1041,1269
Radeon HD 8570D + 6670 Dual,1039,1270
Radeon HD 8750M,1037,1271
Radeon HD 8570D + HD 8570 Dual,1032,1272
Radeon 530,1029,1274
Radeon HD 8600/8700M,1029,1273
Radeon R7 + R5 330 Dual,1028,1275
Videocard Name,"Passmark G3D Mark
(higher is better)","Rank
(lower is better)"
FirePro M4150,1020,1276
Radeon HD 8670D + R7 240 Dual,1020,1277
GeForce 830M,1016,1278
Radeon HD 6700M,1016,1279
Radeon R5 A6-9500E 2C+4G,1014,1281
Radeon R7 A12-9730P RADEON,1014,1280
FirePro V4900,1011,1282
Radeon HD 7690M XT,1009,1283
GeForce 930M,1008,1285
Meta Virtual Monitor Ryzen 5 5625U,1008,1284
Glenfly Arise-GT-10C0,1007,1286
Radeon EPYC 4364P 8-Core,1002,1287
Radeon HD 7660G + HD 7500/7600 7500/7600 Dual,1002,1289
Radeon R7 M260X,1002,1288
Quadro K2000M,1001,1290
Radeon R7 A10-7890K,1001,1291
Quadro FX 4800,1000,1292
Quadro 3000M,999,1293
Radeon HD 7660G + HD 7500M/7600M Dual,999,1295
Radeon HD 8570D + R7 200 Dual,999,1294
Radeon Ryzen Embedded R2314,997,1296
Radeon HD 7640G + HD 8750M Dual,996,1297
Radeon R7 A265,993,1298
Intel HD 530,992,1299
Radeon R9 M375,991,1300
Radeon HD 7560D + 7570 Dual,985,1301
Radeon HD 8690M,984,1302
Radeon HD 7560D + 7560D Dual,982,1303
Radeon R7 340,981,1304
"Radeon R5 PRO A6-8570 R5, 8 COMPUTE CORES 2C+6G",978,1305
Quadro 2000D,977,1307
Radeon R5 A10-9630P 4C+6G,977,1306
Qualcomm Adreno 685 GPU,975,1308
Radeon HD 8670D + 8570 Dual,974,1309
Radeon HD 8850M,973,1310
Radeon R7 PRO A12-9800E,971,1311
Radeon R6 A10-9600P 4C+6G,970,1312
Radeon HD 7660G N HD 7660G + HD 7700M N HD 7700M D,966,1313
Radeon HD 6770M,964,1314
Radeon HD 8570D + R7 240 Dual,963,1315
Radeon Ryzen 3 3200U,960,1316
Radeon R6 Opteron X3418,955,1317
Radeon 620,950,1318
Radeon HD 8570 + HD 7660D Dual,949,1320
Radeon HD 8670D + R7 200 Dual,949,1319
Radeon Vega 3 Athlon 3000G,949,1321
Quadro 2000,947,1322
Quadro CX,947,1323
Radeon HD 4850,946,1324
Videocard Name,"Passmark G3D Mark
(higher is better)","Rank
(lower is better)"
Radeon HD 6670/7670,945,1325
Radeon HD 7640G + 7690M Dual,945,1326
Radeon R7 PRO A10-8850B,945,1327
Radeon HD 8570,944,1329
Radeon R7 A10-7850K,944,1328
Radeon HD 7660D + R7 240 Dual,941,1330
GeForce GT 645M,940,1331
Radeon R7 M445,940,1332
Radeon R7 PRO A12-9800,939,1333
Radeon HD 6750M,937,1334
Radeon HD 7560D + HD 8570 Dual,935,1335
Radeon R5 340,935,1336
GeForce GT 640M,931,1339
Radeon HD 7660G + 7730M Dual,931,1338
Radeon R7 PRO A12-8870,931,1337
Radeon R7 240 + HD 8670D Dual,930,1340
Intel Iris Pro 6100,925,1341
Radeon R7 PRO A10-9700E,925,1342
"Radeon R5 A6-9500 RADEON R5, 8 COMPUTE CORES 2C+6G",924,1343
Intel HD Graphics 620,921,1344
Radeon R7 240 + HD 8570D Dual,917,1345
Radeon R7 A12-9800E RADEON,913,1346
GRID K220Q,912,1348
Radeon R7 A8-8650,912,1347
GRID M6-0B,911,1349
Radeon 6750M,911,1350
Radeon HD 4770,908,1351
Radeon RX Vega 6 Ryzen 3 3200U,906,1352
Radeon R7 M440,903,1353
Intel Iris 6100,901,1354
Radeon HD 8550G + 7600M Dual,901,1355
Barco MXRT 2600,900,1358
Barco MXRT 7400,900,1356
Radeon R7 240,900,1357
Radeon R7 A10-7860K,898,1359
Radeon R7 + R5 Dual,897,1360
Radeon R7 PRO A10-8770,894,1361
Radeon R5 430,893,1362
7900 MOD - Radeon HD 6550D,892,1363
Radeon R7 A10-9700 RADEON,892,1364
Radeon Vega 3,891,1365
Radeon R7 A10-9700E RADEON,887,1366
Radeon R7 + R5 435 Dual A10-9700 RADEON,885,1367
Radeon HD 8650G + 7670M Dual,883,1368
Qualcomm Adreno 680 GPU,882,1369
Radeon HD 7660G + HD 7730M Dual,881,1370
Radeon E6760,876,1371
Intel HD 6000,875,1372
Radeon R7 PRO A12-8870E,875,1373
Videocard Name,"Passmark G3D Mark
(higher is better)","Rank
(lower is better)"
GRID M10-0B,870,1374
Radeon R7 G,869,1375
Radeon HD 8570D + HD 6570 Dual,868,1376
Radeon 520,867,1377
Mobility Radeon HD 4850,866,1378
Intel HD 520,862,1380
Radeon HD 8470D + HD 6450 Dual,862,1379
Radeon R7 A8-7500,860,1381
Radeon R7 A10-8750,856,1383
Radeon Vega 3 Ryzen Embedded R1606G,856,1382
Radeon R5 M435,854,1384
FirePro 3D V4800,853,1385
Radeon R5 A6-9500 2C+6G,853,1386
Radeon R7 A8-7500 4C+6G,853,1387
Radeon HD 8500M/8700M,852,1388
FirePro W2100,848,1389
Radeon HD 7690M,847,1390
Radeon R5 PRO A6-8570 2C+6G,847,1391
Radeon R7 A8-7670K,846,1392
Radeon HD 4830,844,1393
Radeon R7 A8-9600 RADEON,841,1394
Radeon Vega 3 Athlon Silver 3050U,839,1395
FireGL V8600,838,1396
Radeon HD 8470D + 6570 Dual,837,1397
Radeon R7 PRO A8-9600,837,1398
Radeon Ryzen Embedded R2312,837,1399
Radeon HD 8670D + R5 235 Dual,836,1400
Radeon HD 6650A,835,1401
Radeon HD 7560D + 6570 Dual,833,1402
Intel UHD Graphics 617,832,1403
Radeon HD 7520G + HD 7500/7600 Dual,832,1404
Radeon HD 7660G + 7600M Dual,831,1406
Radeon HD 8650G + 8600/8700M Dual,831,1405
Radeon Vega 3 Ryzen 3 3200U,831,1407
Intel HD 5200,830,1408
GeForce 920A,829,1409
GRID M60-0Q,827,1410
GeForce GT 730,824,1411
Quadro FX 3800,824,1412
Radeon HD 7640G N HD 7640G + HD 7600M N HD 7600M D,824,1413
Radeon R7 M365X,823,1414
Radeon HD 3850 X2,822,1416
Radeon R7 A10 PRO-7850B,822,1415
Radeon HD 7540D + 7500 Dual,821,1418
Radeon R7 A10 Extreme Edition,821,1417
Radeon Vega 3 Athlon 300U,820,1419
Radeon HD 8550G + HD 8750M Dual,819,1421
Radeon HD 8650G + HD 7600M Dual,819,1420
Radeon HD 7670,817,1422
Videocard Name,"Passmark G3D Mark
(higher is better)","Rank
(lower is better)"
Radeon R7 M260DX,816,1423
Radeon R7 FX-8800P,815,1424
Radeon R9 M280X,813,1425
GeForce GT 445M,811,1428
GeForce GT 635,811,1429
Radeon HD 8670D + 7000 Dual,811,1426
Radeon HD 8730M,811,1427
Radeon R7 PRO A10-9700,809,1430
GeForce GT 730M,807,1431
Radeon R7 PRO A10-8770E,804,1432
Radeon Ryzen 3 3250U,804,1433
Radeon HD 5670,802,1435
Radeon HD 8550G + 8600/8700M Dual,802,1434
Radeon HD 8650G + HD 8790M Dual,799,1436
Radeon R7 A8-7680,798,1437
Radeon HD 8650G N HD 8650G + HD 8600/8700M Dual,796,1439
Radeon R8 M445DX,796,1438
GRID M10-0Q,795,1441
Radeon HD 8550G + 8750M Dual,795,1440
"Radeon R5 PRO A6-9500 R5, 8 COMPUTE CORES 2C+6G",793,1442
GeForce GT 740M,790,1443
Radeon HD 8650G + 8750M Dual,786,1444
Radeon Athlon Gold 3150U,782,1445
Radeon HD 7730M,781,1446
Radeon R7 A10-7700K,781,1447
Radeon R7 A365,781,1449
Radeon R7 PRO A6-9500 2C+6G,781,1448
Radeon HD 7660G + HD 7700M Dual,777,1450
Radeon R7 A8-7600,777,1451
Quadro 2000M,776,1452
Radeon R7 PRO A10-8750B,776,1453
Radeon HD 7640G + 7500M/7600M Dual,775,1454
Radeon HD 4810,774,1455
Mobility Radeon HD 5000,773,1459
Radeon 535DX,773,1456
Radeon HD 7600M + 7600M Dual,773,1457
Radeon HD 8650G N HD 8650G + HD 8570M Dual,773,1458
Radeon R7 A10-8850,773,1460
GeForce GT 440,772,1461
Radeon R7 M270,771,1462
GeForce 730A,770,1465
GeForce 825M,770,1463
Radeon R5 PRO A6-9500E 2C+4G,770,1464
GeForce 9800 GTX,769,1466
Quadro K1000M,767,1467
Radeon HD 6800M,766,1468
Mobility Radeon HD 5850,763,1471
Qualcomm Adreno 7c Gen 3 GPU,763,1469
Radeon HD 8650G + HD 8600/8700M Dual,763,1470
Videocard Name,"Passmark G3D Mark
(higher is better)","Rank
(lower is better)"
Radeon HD 6450 + 8470D Dual,762,1472
Radeon HD 6650M,762,1473
Radeon R5 435,761,1474
Radeon HD 7660G + HD 7500/7600 Dual,760,1475
Radeon R7 FX-9800P RADEON,759,1476
Radeon HD 7660G + HD 8500M Dual,758,1477
Radeon HD 7660G + 7700M Dual,757,1479
Radeon HD 8650G + HD 8600M N HD 8600M Dual,757,1478
Quadro 1100M,755,1480
Radeon HD 7640G + 7450M Dual,754,1481
Radeon HD 8570D + HD 7000 Dual,753,1482
IncrediblE HD 4600,749,1483
Radeon M535DX,749,1484
Radeon R7 A8-7650K,748,1485
Radeon HD 7640G + 7650M Dual,747,1486
Radeon HD 7660G + HD 8600/8700M Dual,747,1487
Radeon HD 8670D + R5 330 Dual,746,1488
Radeon HD 7660G + 7610M Dual,745,1489
Radeon HD 7660G + 7670M Dual,743,1491
Radeon R5 235 + HD 7560D Dual,743,1490
GeForce GT 730A,742,1492
Radeon HD 8650G + 7600M Dual,741,1493
Intel Iris 5100,739,1494
GeForce GT 340,738,1496
Intel Poison Ivy,738,1495
Radeon HD 7670M + 7670M Dual,738,1497
Radeon R5 235 + HD 8570D Dual,737,1498
"Radeon R5 A10-9630P RADEON R5, 10 COMPUTE CORES 4C",734,1499
Radeon R7 A10 PRO-7800B,733,1500
Quadro K420,732,1501
Radeon R5 A10-9620P 4C+6G,731,1502
Radeon R7 A10-7800,730,1503
GRID P4-1Q,729,1504
Radeon HD 7550M/7650M,728,1505
GRID K140Q,727,1506
Quadro K600,726,1509
Radeon HD 6670,726,1507
Radeon Vega 3 Ryzen Embedded R1505G,726,1508
Radeon R7 A12-9720P RADEON,723,1510
Radeon HD 7660G N HD 7660G + HD 7600M N HD 7600M D,722,1511
Radeon HD 8650G + R5 M200 Dual,722,1512
GeForce GTX 850A,721,1513
Asus GTX 650 FML II EC-EGPU,720,1514
Mobility Radeon HD 4870,719,1515
Radeon HD 7540D + 6570 Dual,719,1516
Radeon HD 8670D + HD 7000 Dual,718,1517
GeForce 920M,717,1519
Radeon HD 8470D + 6450 Dual,717,1518
Radeon HD 8650G + HD 8570M Dual,716,1521
Videocard Name,"Passmark G3D Mark
(higher is better)","Rank
(lower is better)"
Radeon R7 PRO A8-8650B,716,1520
Intel UHD Graphics 615,715,1522
Quadro K610M,712,1523
Radeon R7 A12-9700P RADEON,712,1524
Radeon HD 7660G + HD 8670M Dual,711,1525
"Radeon R5 A10-9600P RADEON R5, 10 COMPUTE CORES 4C",709,1526
Radeon HD 6550A,707,1527
Radeon HD 7660G + HD 7670M Dual,706,1528
Radeon HD 7640G + 7600M Dual,705,1529
Radeon R5 A6-7480,705,1530
Radeon HD 7640G + HD 7600M Dual,704,1532
Radeon HD 7660G N HD 7660G + HD 7670M Dual,704,1531
GeForce GT 640M LE,701,1533
Radeon HD 7570M/HD 7670M,699,1534
Radeon R5 PRO A10-8730B 4C+6G,695,1535
Radeon R7 PRO A12-9800B,695,1536
Radeon R5 PRO A6-9500B 2C+4G,693,1537
"Radeon R5 A6-9500E RADEON R5, 6 COMPUTE CORES 2C+4",692,1538
Intel HD 615,691,1539
Radeon HD 7640G + 7700M Dual,690,1540
Radeon R5 PRO A6-8530B 2C+4G,689,1541
GeForce GT 630,688,1543
Intel UHD Graphics 610,688,1544
Radeon HD 7640G + 8600/8700M Dual,688,1542
Intel HD 610,687,1545
Radeon Vega 3 Ryzen 3 3250U,687,1546
Radeon HD 8650G + R5 M230 Dual,686,1547
Radeon HD 6630M,684,1548
NVS 510,682,1549
GRID P40-3Q,681,1550
Radeon HD 7640G N HD 7640G + HD 7670M Dual,679,1552
Radeon HD 8650G N HD 8650G + HD 8600M N HD 8600M D,679,1551
GeForce GTS 160M,678,1553
Radeon HD 7640G + HD 8670M Dual,677,1554
Radeon Vega 3 Athlon 320GE,677,1555
Quadro FX 4700 X2,676,1557
Radeon HD 8610G + R5 M200 Dual,676,1556
Radeon Athlon Silver 3050U,672,1558
Radeon R8 M535DX,670,1559
GeForce GT 740A,667,1560
FirePro M7740,665,1564
GeForce GT 530,665,1561
Radeon HD 7640G + HD 8500M N HD 8500M Dual,665,1563
Radeon Vega 3 Athlon Gold 3150U,665,1562
Radeon HD 8550G + 8690M Dual,664,1565
"Radeon R5 PRO A6-8570E R5, 6 COMPUTE CORES 2C+4G",662,1566
FireGL V7700,660,1569
GeForce GT 720,660,1567
Qualcomm Adreno 7c+ Gen 3,660,1568
Videocard Name,"Passmark G3D Mark
(higher is better)","Rank
(lower is better)"
Radeon HD 2900 XT,659,1570
Radeon R5 PRO A8-9600B 4C+6G,658,1571
GeForce GT 140,657,1572
Mi Pad 5 Adreno 640 GPU,657,1573
GeForce 810A,655,1574
GeForce GT 735M,654,1576
Radeon HD 7640G + 8750M Dual,654,1575
Radeon HD 8550G + HD 8600/8700M Dual,654,1577
Radeon HD 8650G + 8570M Dual,654,1578
GeForce GT 555M,652,1579
"Radeon R5 A10-9620P RADEON R5, 10 COMPUTE CORES 4C",652,1580
Radeon HD 7520G + HD 8750M Dual,651,1582
Radeon HD 8650G + HD 8750M Dual,651,1581
GRID K1,650,1583
SUMO 9640,650,1584
Radeon R5 M430,648,1585
FireStream 9170,647,1588
Radeon R7 M340,647,1586
Radeon R8 M365DX,647,1587
Radeon HD 6670 + 6670 Dual,646,1589
Radeon R7 A8 PRO-7600B,646,1590
Radeon HD 8610G + HD 8500M Dual,645,1591
GeForce GTS 360M,644,1592
Radeon HD 7640G + 7670M Dual,644,1593
Radeon HD 7540D + HD 6450 Dual,643,1594
GeForce 8800 Ultra,642,1595
Quadro K510M,641,1596
FirePro V3900,637,1601
Intel HD 515,637,1597
Radeon HD 7640G + 7400M Dual,637,1599
Radeon HD 8450G + 8750M Dual,637,1600
Radeon R5 PRO A6-8570E 2C+4G,637,1598
GeForce 9800 S,635,1602
Radeon HD 8650G + 8670M Dual,635,1603
Radeon HD 8650G + HD 7670M Dual,634,1604
Radeon HD 7660D + HD 7000 Dual,633,1605
Radeon HD 7610M,632,1606
Intel HD P4600/P4700,630,1609
Radeon HD 7640G + HD 7700M N HD 7700M Dual,630,1607
Radeon HD 7660G + 7470M Dual,630,1608
Radeon HD 8510G + HD 8500M Dual,629,1610
GRID K160Q,628,1612
Intel HD 4600,628,1613
Radeon R7 PRO A10-9700B,628,1611
Radeon HD 2900 PRO,627,1614
Radeon HD 7640G + 7500/7600 Dual,627,1615
Radeon HD 8650G + 8500M Dual,626,1616
Radeon HD 7520G + HD 8600/8700M Dual,623,1617
GeForce GT 710,621,1618
Videocard Name,"Passmark G3D Mark
(higher is better)","Rank
(lower is better)"
Intel HD 510,620,1620
Radeon HD 8570 + 8670D Dual,620,1619
Intel HD 4600 manual-gen9_2015-134121,619,1621
Radeon HD 8550G + R5 M200 Dual,619,1622
Radeon R5 A10-9600P 4C+6G,619,1624
Radeon R7 PRO A12-8800B,619,1623
Radeon HD 8550G + 8600M Dual,617,1625
Radeon HD 7500G + 7500M/7600M Dual,616,1626
FireGL V7600,615,1627
NVS 5400M,615,1629
Radeon HD 5600/5700,615,1628
Intel UHD 630,614,1630
Radeon HD 8650G + 8600M Dual,613,1631
GeForce 9800 GX2,612,1633
Radeon HD 7570,612,1634
Radeon R6,612,1632
Radeon HD 8550G N HD 8550G + HD 8600M N HD 8600M D,611,1635
7900 MOD - Radeon HD 6520G,610,1636
Radeon HD 8610G + 8500M Dual,610,1637
Radeon HD 7640G + HD 8500M Dual,607,1639
Radeon R7 A360,607,1638
Radeon HD 8650G + HD 8600M Dual,606,1640
"Radeon R5 A6-9400 RADEON R5, 6 COMPUTE CORES 2C+4G",605,1642
Radeon R6 M255DX,605,1641
GeForce GT 430,602,1644
Radeon HD 8550G + 8500M Dual,602,1645
"Radeon R5 PRO A10-8730B R5, 10 COMPUTE CORES 4C+6G",602,1643
Radeon HD 8610G + 8670M Dual,599,1646
Matrox C420 LP PCIe x16,597,1647
Radeon HD 8510G + 8500M Dual,596,1649
"Radeon R6 PRO A8-8600B R6, 10 Compute Cores 4C+6G",596,1648
GeForce 910M,595,1652
Radeon HD 7640G + 7470M Dual,595,1651
Radeon R5 M330,595,1650
Intel HD 5500,593,1653
Radeon HD 8550G + HD 8600M Dual,593,1654
Surface Duo Adreno 640 GPU,592,1655
GeForce 9800 GTX/9800 GTX+,591,1656
Radeon HD 7520G + 7600M Dual,591,1657
Radeon HD 7640G + HD 7700M Dual,589,1658
Radeon HD 7520G + 7610M Dual,588,1660
Radeon HD 7660G + 7400M Dual,588,1661
Radeon HD 8610G + 8600M Dual,588,1659
Radeon HD 7660G + 8670M Dual,587,1663
Radeon R7 M360,587,1662
Radeon HD 3870 X2,586,1665
Radeon HD 7640G + HD 8600/8700M Dual,586,1664
Radeon R5 A6-8500P,586,1666
Radeon HD 7640G + 8500M Dual,585,1667
Videocard Name,"Passmark G3D Mark
(higher is better)","Rank
(lower is better)"
Radeon HD 8650G + HD 8670M Dual,585,1668
GeForce GTX 285M,584,1669
Intel HD 5000,583,1670
Radeon HD 7520G + 7500/7600 Dual,582,1671
RadeonT Ryzen 3 3250U,581,1672
Moore Threads MTT S30,580,1674
Radeon Vega 3 Ryzen Embedded R1305G,580,1673
Radeon HD 8550G + 8670M Dual,579,1676
Radeon R7 PRO A12-8830B,579,1675
Radeon HD 8450G + R5 M230 Dual,578,1679
"Radeon R5 PRO A8-9600B R5, 10 COMPUTE CORES 4C+6G",578,1678
TRINITY DEVASTATOR MOBILE,578,1677
GeForce 720A,577,1681
Radeon HD 7620G + 8670M Dual,577,1682
Radeon HD 8610G + HD 8670M Dual,577,1680
Intel Skylake HD DT GT2,576,1683
Radeon HD 7640G + HD 7400M Dual,576,1684
Radeon R5 A240,576,1685
GeForce GTX 280M,575,1686
Quadro FX 3800M,574,1688
Radeon HD 7520G + HD 7700M Dual,574,1687
Radeon HD 7520G N HD 7520G + HD 7500/7600 7500/760,574,1690
Radeon R5 420,574,1689
GeForce GT 720A,573,1691
GeForce GTS 250,572,1692
Quadro 500M,570,1693
Radeon R6 + R7 M265DX Dual,570,1694
Radeon HD 7560D + 6450 Dual,568,1695
Radeon HD 7660G + HD 7600M Dual,568,1696
Radeon HD 7650A,566,1698
Radeon HD 8550D,566,1697
GeForce 8800 GTX,565,1699
GeForce GT 550M,565,1700
Radeon HD 6610M,565,1701
Radeon R7E,564,1702
Radeon Athlon PRO 3045B,563,1704
Radeon HD 7560D + R5 235 Dual,563,1703
Radeon HD 7640G + R5 M200 Dual,559,1705
Quadro 1000M,558,1709
Radeon HD 6570,558,1706
Radeon HD 7640G + 8570M Dual,558,1710
Radeon HD 7640G + 8670M Dual,558,1708
Radeon HD 8550G + HD 8500M Dual,558,1707
GeForce 820A,556,1711
GF117,554,1712
Radeon R5 240,554,1713
GeForce GTS 250M,553,1714
Radeon HD 3870,551,1715
Radeon R7 7850A10-7850K,551,1716
Videocard Name,"Passmark G3D Mark
(higher is better)","Rank
(lower is better)"
FireGL V8650,550,1717
GeForce 8800 GTS 512,549,1719
GeForce GT 635M,549,1720
GeForce GTS 240,549,1718
GeForce GT 820M,548,1722
Radeon R5 M335,548,1721
Mobility Radeon HD 3870,547,1724
Radeon HD 8550G + HD 7600M Dual,547,1723
Radeon Vega 3 3020e,547,1725
FirePro 3D V5700,546,1726
Radeon HD 8550G + HD 8670M Dual,546,1727
FirePro 3D V7750,545,1729
Radeon HD 8450G + 8600M Dual,545,1728
Radeon HD 7520G + HD 7400M Dual,544,1731
Radeon R5 M255,544,1730
Quadro FX 2700,543,1734
Radeon HD 7600G + HD 8670M Dual,543,1732
"Radeon R6 PRO A10-8700B R6, 10 Compute Cores 4C+6G",543,1733
Radeon HD 7520G + 7470M Dual,542,1735
Radeon R6 A10-8700P,541,1736
Qualcomm Adreno 675 GPU,539,1737
Radeon R6 PRO A10-8700B 4C+6G,538,1738
Radeon R7 M265,536,1739
GeForce GT 435M,535,1740
GeForce 9800M GS,534,1741
Radeon HD 7560D + HD 7000 Dual,534,1742
GRID K180Q,533,1744
Radeon 6600M,533,1743
Radeon HD 8550G + 8570M Dual,532,1746
Radeon HD 8670D,532,1745
RADEON HD6530D,531,1748
Radeon R6 PRO A8-8600B 4C+6G,531,1747
Radeon HD 8550G + HD 8570M Dual,529,1749
Radeon HD 7600G N HD 7600G + HD ON HD Dual,526,1751
Radeon HD 7640G + 6400M Dual,526,1750
GeForce GT 630M,525,1752
Mobility Radeon HD 5570,525,1753
Quadro FX 5600,525,1754
Intel HD 4400,524,1757
Quadro 600,524,1756
Radeon R7 M260,524,1755
Radeon HD 7520G + 7670M Dual,523,1759
Radeon HD 7660D + R5 235 Dual,523,1758
Radeon R5 330,522,1760
Radeon Vega 2 Athlon Silver 3050U,521,1761
Radeon HD 8670M,520,1762
Radeon HD 7640G + HD 7670M Dual,518,1763
IncrediblE HD 4000,517,1764
Intel HD P4000,516,1765
Videocard Name,"Passmark G3D Mark
(higher is better)","Rank
(lower is better)"
Radeon HD 8650G,512,1766
GeForce GT 425M,511,1769
Mobility Radeon HD 4830,511,1767
Radeon HD 8690A,511,1768
Radeon HD 7640G + 7610M Dual,510,1772
Radeon HD 7660D,510,1771
"Radeon R5 PRO A6-8500B R5, 6 Compute Cores 2C+4G",510,1770
Radeon HD 7600G + HD 7550M Dual,509,1773
Radeon HD 7620G + 8600M Dual,508,1774
Radeon R5 PRO A6-8500B 2C+4G,508,1775
GeForce 615,507,1778
Mobility Radeon HD 5730,507,1777
Radeon HD 7620G + HD 8670M Dual,507,1776
Radeon Vega 2,506,1779
Intel HD P4600,505,1780
GeForce GTS 150M,504,1781
Radeon HD 8450G + HD 8750M Dual,503,1782
NVS 5200M,502,1783
GeForce GT 240,500,1784
GeForce 9800 GTX+,499,1785
Radeon R7 M265DX,498,1786
TRINITY SCRAPPER MOBILE,498,1787
Radeon HD 7500G + 7550M Dual,497,1790
Radeon R5 M420,497,1789
SUMO 964A,497,1788
ASUS EAH4870x2,496,1791
Radeon HD 7520G + HD 7670M Dual,495,1792
Quadro FX 1800M,494,1793
Radeon HD8530M,490,1794
Radeon HD 8670D N HD 8670D + HD 8670D Dual,488,1795
Radeon HD 8550G + R5 M230 Dual,487,1796
Radeon R4E,487,1797
Radeon HD 7520G + 7400M Dual,486,1798
GeForce 710A,485,1799
GeForce 820M,485,1801
Radeon 3020e,485,1800
GeForce GT 625M,484,1802
Radeon HD 7660G,482,1803
Radeon HD 8610G + HD 8600M Dual,480,1804
Radeon Vega 3 Athlon Silver 3050e,479,1805
Mobility Radeon HD 5000 Serisi,478,1806
Radeon R5 M315,478,1807
GeForce 800M,477,1811
Mobility Radeon HD 3870 X2,477,1808
Radeon HD 5570,477,1810
Radeon HD 8450G + HD 8670M Dual,477,1809
GeForce 800A,476,1814
GeForce 9600 GT,476,1812
GeForce GT 540M,476,1815
Videocard Name,"Passmark G3D Mark
(higher is better)","Rank
(lower is better)"
Radeon HD 7600G + HD 7500M/7600M Dual,476,1813
Radeon HD 7640G + HD 8570M Dual,474,1818
Radeon HD 8450G + 8670M Dual,474,1817
Radeon R5 M240,474,1819
Radeon R6 A8-8600P,474,1816
Radeon HD 7670M,473,1820
FirePro 3D V3800,472,1821
GeForce GT 320,470,1823
Radeon HD 8570D + R5 235 Dual,470,1822
Radeon R5 M320,467,1824
Quadro FX 3600M,466,1825
Radeon HD 7660D + 7470 Dual,465,1827
SUMO 9644,465,1826
FirePro V5700,464,1829
Intel HD Family,464,1830
Radeon HD 7550M,464,1828
Mobility Radeon HD 4670,463,1832
"Radeon R5 PRO A6-8530B R5, 6 COMPUTE CORES 2C+4G",463,1831
GeForce 8800M GTX,462,1833
GeForce 8800 GT,460,1834
Radeon HD 7660G + HD 7600M N HD 7600M Dual,460,1835
Radeon HD 7640G,456,1836
GeForce 705M,455,1837
GeForce 9800M GTX,454,1838
Radeon HD 7520G + 7650M Dual,453,1839
GeForce GT 525M,452,1840
Radeon HD 8450G + HD 8600M Dual,452,1841
GeForce 9800 GT,451,1844
GeForce GT625M,451,1843
Radeon HD 7620G N HD 7620G + HD 8600M N HD 8600M D,451,1842
GeForce 710M,450,1846
Quadro FX 3700M,450,1845
Radeon HD 7560D,449,1848
Radeon HD 8570M,449,1847
Radeon HD 7520G + HD 7600M Dual,447,1849
PHDGD Ivy 5,445,1851
Radeon HD 7660G + 8600M Dual,445,1850
GeForce GT 720M,443,1852
Mobility Radeon HD 5650,442,1853
Radeon HD 7620G + HD 8600M Dual,442,1854
Radeon HD 8500M,442,1855
Radeon HD 7600G + HD Dual,435,1856
Radeon HD 8410G,435,1857
Quadro 410,434,1858
Radeon HD 7650M,434,1859
GeForce GT 710M,433,1860
Radeon HD 3850 AGP,432,1862
Radeon HD 8570D,432,1861
GeForce GT 620M,431,1863
Videocard Name,"Passmark G3D Mark
(higher is better)","Rank
(lower is better)"
GeForce GT 420,429,1864
Radeon HD 7570M,426,1865
FirePro M2000,425,1866
Radeon HD 7600G + 7550M Dual,423,1868
Radeon HD 7640G + HD 7500/7600 Dual,423,1867
Radeon HD 7640G N HD 7640G + HD 8570M Dual,422,1870
RADEON HD6410D,422,1869
Radeon R5 M230,421,1871
Intel 4th Generation Haswell HD,419,1872
GeForce 810M,417,1873
Radeon HD 8550G,417,1874
Radeon R5 Opteron X3216,415,1875
Quadro FX 2800M,414,1876
"Radeon R5 PRO A6-9500B R5, 6 COMPUTE CORES 2C+4G",408,1877
Quadro FX 4600,407,1878
Radeon HD 7470M,407,1879
GeForce 8800 GTS,406,1881
Radeon HD 7640G + HD 7600M N HD 7600M Dual,406,1880
Intel HD 5300,405,1883
RADEON E4690,405,1884
Radeon HD 7600G + 7500M/7600M Dual,405,1882
Radeon HD 8610G,405,1885
Mobility Radeon HD 4650,401,1888
Quadro FX 1800,401,1887
Radeon HD 3850,401,1886
Radeon HD 6550D,400,1889
GeForce GT 330,396,1890
Radeon HD 8650D,396,1891
GeForce GT 420M,394,1892
IncrediblE HD,389,1894
Radeon HD 7600G + 7450M Dual,389,1893
GeForce 7900 GTX,387,1895
GeForce GT 620,384,1896
GeForce 8800M GTS,382,1897
GeForce 9800M GT,381,1899
GeForce GT 130,381,1900
Radeon HD 4670,381,1898
GeForce GTS 350M,380,1902
GeForce GTX 260M,380,1901
Radeon HD 6490M,377,1903
Radeon HD 5550,376,1906
Radeon HD 7520G + 8750M Dual,376,1904
Radeon HD 7600G + 6400M Dual,376,1905
Radeon HD 8470D,376,1907
PHDGD Ivy 4,374,1909
Radeon HD 8570D + HD8490 Dual,374,1908
Quadro FX 3700,372,1911
Radeon HD 8510G,372,1910
GeForce GT 335M,370,1912
Videocard Name,"Passmark G3D Mark
(higher is better)","Rank
(lower is better)"
GeForce GT 610M / GT 620M / GT 710M / GT 720M / GT,368,1913
GeForce GT 625,368,1914
Matrox Millennium P690 PCIe x16,366,1916
Quadro FX 2700M,366,1915
Mobility Radeon HD 3850,365,1918
Radeon 3015e,365,1919
Radeon HD4670,365,1917
Intel UHD Graphics 605,364,1921
Radeon HD 7520G N HD 7520G + HD 7600M N HD 7600M D,364,1920
Radeon HD 7620G,364,1922
Radeon HD 7660G + HD 8600M Dual,363,1923
Intel HD 505,358,1924
GeForce GT 705,357,1925
GeForce 9800M GTS,356,1926
Radeon HD 7500G + HD 7500M/7600M Dual,355,1927
Mobility Radeon HD 565v,353,1929
Radeon HD 6480M,353,1928
Radeon HD 7580D,350,1930
GeForce 7950 GT,346,1932
ZX C-1190,346,1931
Intel HD 4000,344,1933
Radeon R4,343,1934
FireGL V5600,341,1937
FirePro 3D V3750,341,1935
Radeon HD 6620G,341,1936
Radeon HD 8310E,340,1938
Radeon HD 7660D + HD 7400 Dual,339,1939
Radeon HD 8570D + HD 8470 Dual,338,1940
Radeon HD 6530D,337,1941
Radeon R5 235,336,1942
FirePro RG220,335,1943
Radeon HD 7540D,333,1947
Radeon HD 7600G,333,1945
Radeon HD 7600G + 8500M/8700M Dual,333,1944
Radeon HD 8450G,333,1946
Radeon R5 310,331,1948
GeForce 8800 GS,330,1949
GeForce 9600 GSO 512,329,1950
Radeon HD 7450M,329,1951
Radeon HD 7600G + HD 7400M Dual,328,1952
GeForce 9700M GT,327,1953
GeForce GT 610,326,1954
GeForce 605,324,1957
GeForce GT 120 / 9500 GT,324,1955
NVS 315,324,1956
GeForce 9600 GSO,323,1960
GeForce GT 230,323,1959
Radeon E6460,323,1958
GeForce GT 520,322,1961
Videocard Name,"Passmark G3D Mark
(higher is better)","Rank
(lower is better)"
FirePro V3800,320,1962
RADEON HD6370D,320,1963
GeForce 240M GT,319,1964
Mobility Radeon HD 560v,318,1966
ZX C-1080,318,1965
Radeon HD 8370D,316,1967
Radeon R5E,315,1968
Radeon HD 7520G,314,1969
Intel UHD Graphics 600,313,1970
Radeon R3,312,1971
Radeon HD 7520G + 8600/8700M Dual,311,1972
Radeon HD 7500G,310,1973
Quadro FX 3500M,306,1974
Radeon HD 7420G,305,1975
NVS 4200M,301,1976
Radeon R1E,301,1977
Intel HD 500,300,1978
Radeon HD 6520G,299,1979
GeForce 9600M GT / GeForce GT 220M,293,1981
GRID K120Q,293,1980
GeForce 610M,292,1983
Radeon HD 2900 GT,292,1982
GeForce 510,290,1985
GeForce 7800 GTX,290,1984
Radeon HD 7470,289,1986
Radeon HD 7450A,288,1987
GeForce 7950 Xtreme,287,1988
GeForce GT 415M,286,1989
GeForce GT 520M,284,1990
GeForce GT 520MX,284,1991
Mobility Radeon HD 5165,284,1992
Intel HD P3000,282,1994
Radeon HD 2600 XT,282,1993
GeForce 9600 GS,281,1996
Qualcomm Adreno 630 GPU,281,1995
Radeon HD 7480D,281,1997
GeForce 9700M GTS,278,1998
Radeon R5 235X,277,1999
Radeon HD 6370M,275,2000
Radeon HD 8400E,275,2001
NVS 310,274,2002
Radeon HD 8400,272,2003
GeForce 9650M GS,270,2005
GeForce Go 7900 GTX,270,2004
Radeon HD 8330,270,2006
GeForce 410M,269,2007
Radeon HD 8280G,269,2008
Radeon HD 5470,268,2009
Radeon HD 7400G,267,2010
Videocard Name,"Passmark G3D Mark
(higher is better)","Rank
(lower is better)"
Mobility Radeon HD 550v,266,2011
Quadro FX 3500,265,2012
GeForce Go 7950 GTX,263,2013
Radeon HD 8490,263,2014
Radeon HD 8330E,262,2015
Intel HD 3000,260,2018
Radeon HD 6450A,260,2017
Radeon HD 8280,260,2016
GeForce 7900 GT,258,2020
L4-1Q,258,2019
Radeon HD 8350G,258,2021
Radeon HD 6480G,256,2022
Radeon HD 8280E,256,2023
Radeon HD 6370D,255,2024
GeForce 7900 GS,253,2025
GeForce GT 415,251,2026
Radeon R2,250,2027
Radeon HD 7640G + 8600M Dual,249,2028
Quadro FX 570,248,2030
Radeon HD 4650,248,2029
GeForce 7900 GT/GTO,247,2032
Radeon HD 8470,247,2031
Radeon HD 8240,246,2033
GeForce 7800 GT,244,2035
Mobile Intel HD,244,2034
Quadro FX 5500,242,2036
Radeon HD4650,239,2037
Quadro NVS 510M,238,2038
GeForce 7600 GT,237,2040
RDPDD Chained DD,237,2039
Mobility Radeon HD 5470,236,2042
Quadro FX 4500 X2,236,2043
Radeon HD 6410D,236,2041
Radeon HD 4550,235,2044
Mobility Radeon HD 3670,232,2045
Quadro FX 1600M,231,2047
Radeon E6465,231,2046
Quadro FX 880M,230,2048
Quadro NVS 290,228,2049
Quadro FX 4500,227,2050
CARRIZO 9874,226,2051
Radeon HD 6470M,225,2052
Radeon R3E,224,2053
GT 430,223,2055
Radeon HD 7450,223,2054
GeForce GT 220,222,2056
GeForce GT 330M,221,2059
Radeon HD 7340M,221,2058
Radeon R5 230,221,2057
Videocard Name,"Passmark G3D Mark
(higher is better)","Rank
(lower is better)"
A6 Micro-6500T Quad-Core APU with RadeonR4,220,2061
Quadro FX 770M,220,2060
Mobility FireGL V5725,219,2062
Quadro FX 2500M,217,2063
Radeon HD 6320 Graphic,216,2064
GeForce 9500 GS,215,2066
GeForce GT 230M,215,2065
Mobility Radeon. HD 5470,215,2067
Mobility Radeon HD 5450,214,2068
GeForce GT 240M,213,2069
Intel HD 2000,213,2070
Radeon HD 8250,212,2071
Radeon HD 2600 PRO,211,2072
GeForce Go 7600 GT,210,2073
GeForce 320M,209,2074
GeForce Go 7800 GTX,209,2075
Intel G965 Express,208,2077
Quadro NVS 320M,208,2078
Radeon R2E,208,2076
Quadro FX 1700,207,2079
Radeon HD 4650 AGP,207,2080
Barco MXRT 1450,205,2081
Intel 2nd Generation SandyBridge HD 3000,205,2082
GeForce 7950 GX2,201,2084
Intel Q45/Q43 Express Chipset,201,2083
Radeon HD 6380G,200,2085
Mobility Radeon HD 545v,199,2087
NVS 5100M,199,2086
RADEON HD7450,199,2088
Radeon HD 6320M,198,2089
Radeon HD 6450,198,2090
GeForce 315,196,2092
Radeon HD 7340G,196,2091
Radeon HD 8210,195,2093
Intel Infoshock HD,193,2094
Radeon HD 8210E,193,2095
Radeon HD 6430M,192,2096
GeForce 6800 GS,191,2098
Mobility Radeon HD 2600 XT,191,2097
Mobility Radeon HD 4550,191,2099
Mobility Radeon HD 540v,188,2100
GeForce 8600 GTS,183,2101
Radeon HD 3450,182,2102
Mobility Radeon HD 5430,181,2103
Barco MXRT 7100,180,2106
GeForce 9500 GT,180,2105
Radeon HD 7310G,180,2104
FireGL V3600,179,2107
Quadro FX 3450/4000 SDI,179,2108
Videocard Name,"Passmark G3D Mark
(higher is better)","Rank
(lower is better)"
Radeon HD 6230,179,2109
FirePro 3D V3700,178,2110
GeForce 7800 GS,177,2112
GeForce Go 7900 GS,177,2111
GeForce G100,176,2113
Quadro FX 580,176,2114
Mobility Radeon HD 530v,174,2115
Radeon HD 7310 - Carte graphique,174,2116
Quadro FX 380,173,2117
GeForce 8500 GT,172,2119
Quadro FX 1700M,172,2118
Quadro FX 1500M,171,2120
FirePro 2460,170,2122
Radeon HDG 4670,170,2121
GeForce GT 325M,169,2123
Intel 2nd Generation SandyBridge HD,169,2125
Quadro FX 1500,169,2124
GeForce 9200,168,2128
GeForce 9400 GT,168,2126
Radeon HD 3670,168,2127
GeForce 8600M GT,167,2130
GeForce G102M,167,2131
Mobility Radeon HD 2600,167,2129
GeForce 7600 GS,166,2133
GeForce GT 120,166,2132
Radeon HD 7310M,166,2134
Intel HD manual-gen9_2015-133271,165,2135
Radeon HD 7350,165,2136
nForce 980a/780a SLI,164,2137
GeForce 8200,163,2138
GeForce 8400 GS,162,2140
Radeon HD 8350,162,2139
Radeon HD 4350,161,2141
Radeon HD 4300/4500 Serisi,155,2142
GeForce 9600M GT,154,2143
Radeon HD 7340,153,2144
Radeon X1950 CrossFire Edition,151,2145
GeForce 305M,150,2147
GeForce GT 120M,150,2146
Radeon HD 3650 AGP,150,2148
Mobility Radeon HD 4570,149,2149
Intel G41 Express Chipset,148,2152
Mobility Radeon HD 4350,148,2153
Quadro 400,148,2151
Quadro FX 3450,148,2150
GeForce Go 7700,147,2154
Radeon HD 6320,147,2156
Radeon R5 220,147,2155
ZX Chrome 645/640 GPU,147,2157
Videocard Name,"Passmark G3D Mark
(higher is better)","Rank
(lower is better)"
S3 5400EW,146,2158
GeForce GT 130M,145,2161
Quadro NVS 160M,145,2160
Radeon X1900 GT,145,2159
Quadro FX 380 LP,144,2162
Radeon HD 6300M,144,2163
GeForce 310,143,2168
GeForce 505,143,2164
GeForce 8600 GS,143,2166
GeForce 9200M GE,143,2165
GeForce 9400,143,2167
FirePro 2270,142,2170
GeForce 6600 GT,142,2169
GeForce 6800 GT,142,2171
Intel G45/G43 Express Chipset,141,2172
Mobility Radeon HD 3650,141,2173
nForce 760i SLI,140,2178
Radeon HD 4290,140,2175
Radeon HD 6290M,140,2177
RADEON HD 6350,140,2174
Radeon X1800 GTO,140,2176
Intel Haswell HD - GT2,139,2180
NVS 2100M,139,2179
GeForce 6800 Ultra,138,2181
Intel B43 Express Chipset,138,2182
GeForce 9650M GT,137,2184
GeForce Go 6800 Ultra,137,2183
Radeon X1900 CrossFire Edition,137,2185
GeForce G200,136,2187
Radeon HD 5450,136,2186
Mobility Radeon HD 4330,135,2188
EAH5450,134,2193
GeForce 7650 GS,134,2195
GeForce 9500M GS,134,2194
GeForce 9800 GT 1024MB,134,2192
Mobility Radeon X1900,134,2189
Radeon HD 4330,134,2190
Radeon HD 8180,134,2191
GeForce G105M,133,2196
GeForce 210,132,2198
GeForce 8600 GT,132,2197
VIA/S3G C-645/640 GPU,132,2199
GeForce G210,131,2200
GeForce 9600M GS,130,2201
MOBILITY RADEON X1800,130,2202
GeForce 9200M GS,129,2205
GeForce G210M,129,2204
RADEON X800 SE,129,2203
FireGL V7300,128,2208
Videocard Name,"Passmark G3D Mark
(higher is better)","Rank
(lower is better)"
GeForce 9300 / nForce 730i,128,2206
Radeon HD 7310,128,2207
All-in-Wonder X1900,127,2210
GeForce Go 7600,127,2209
Qualcomm Adreno 618 GPU,127,2211
GeForce 205,126,2215
GeForce 310M,126,2216
GeForce 9300,126,2212
GeForce GT 220M,126,2214
Radeon HD 3300,126,2213
Intel Q965/Q963 Express,125,2217
GeForce 8700M GT,124,2220
Quadro FX 1400,124,2221
Qualcomm Adreno 540 GPU,124,2218
Seria Mobility Radeon HD 3400,124,2219
GeForce 7300 GT,123,2223
Intel Haswell HD - GT1,123,2224
Radeon HD 7290M,123,2222
Radeon HD 4250,122,2225
Radeon HD 6310,122,2226
GeForce 9500M G,121,2227
NVS 300,121,2228
Extreme AX850 PRO,120,2233
GeForce 6800 XT,120,2229
Quadro FX 380M,120,2230
Quadro NVS 420,120,2232
Radeon HD 2400,120,2231
NVS 3100M,119,2234
GeForce 9300M GS,118,2237
Radeon HD 2400 XT,118,2235
RV530 PRO,118,2236
FireMV 2260,117,2239
GeForce 405,117,2238
Mobile Intel 45 Express-Chipsatzfamilie,117,2241
Radeon HD 3470,117,2240
FireGL V7200,116,2244
PHDGD Quantic C3,116,2242
Radeon X1700 Targa Edition,116,2243
GeForce 8300 GS,115,2246
Radeon X1600 XT,115,2245
FireGL V5200,114,2250
GeForce 315M,114,2248
GeForce Go 7800,114,2249
Radeon HD 2400 Pro,114,2251
RADEON X800 GTO,114,2247
Quadro FX 560,113,2252
FirePro 2260,112,2254
GeForce 6800,112,2255
Intel HD Modded,112,2257
Videocard Name,"Passmark G3D Mark
(higher is better)","Rank
(lower is better)"
Radeon X1950 Pro,112,2253
Sapphire RADEON X800 GT,112,2256
Mobility Radeon HD 3400 Serisi,111,2261
Quadro NVS 295,111,2260
Radeon HD 4200,111,2259
Radeon HD 7290,111,2258
FireGL V7350,110,2262
Radeon HD 2600 Pro AGP,110,2263
GeForce 6800 LE,109,2266
GeForce 8400M GS,109,2265
Radeon HD 4270,109,2264
VIA/S3G Chrome 645/640 GPU,109,2267
ION,108,2268
Quadro FX 370 LP,108,2269
GeForce Go 6800,106,2274
GeForce GT 320M,106,2271
Intel Media Accelerator HD,106,2272
Radeon Infoshock 3000,106,2270
Radeon X1950 GT,106,2273
GeForce 8400M G,105,2276
GeForce9400M,105,2275
GeForce 9450,104,2277
M880G with Mobility Radeon HD 4250,104,2281
Mobility Radeon X1700,104,2278
Quadro FX 3400/4400,104,2280
Radeon HD 6290,104,2279
FireGL V3400,103,2283
GeForce 9500M,103,2282
GeForce 6800 GS/XT,102,2285
GeForce 9300 GS,102,2286
Mobility Radeon HD 2400 XT,102,2287
Quadro FX 370 Low Profile,102,2284
GeForce 8300,101,2289
GeForce 9400M,101,2290
Quadro FX 4000,101,2291
Quadro FX Go1400,101,2288
Matrox G200e WDDM 2.0,100,2292
Quadro FX 570M,99,2293
Mobility Radeon HD 3430,98,2297
Mobility Radeon HD 4250,98,2295
Radeon 3000,98,2296
Radeon X1600 Pro,98,2294
GeForce 9300GE,97,2299
ION LE,97,2298
Quadro NVS 130M,97,2301
RADEON X800 XT,97,2300
Mobility Radeon HD serie 4200,96,2302
GeForce 6700 XL,95,2304
Radeon HD 3000,95,2303
Videocard Name,"Passmark G3D Mark
(higher is better)","Rank
(lower is better)"
MEDION RADEON X740XL,94,2305
GeForce 9300 GE,93,2309
Mobility Radeon HD 3470,93,2308
Mobility Radeon HD 3470 Hybrid X2,93,2307
Quadro FX 370M,93,2310
Radeon HD 6250,93,2306
FireGL V5100,92,2313
M880G with Mobility Radeon HD 4200,92,2312
Mobility Radeon HD 4270,92,2311
Mobility Radeon X1600,92,2314
nForce 780a SLI,92,2315
GeForce G205M,91,2317
Mobility Radeon HD 3450,91,2318
RADEON X600XT,91,2316
Mobility Radeon HD 4200,90,2319
Matrox G200eW3 WDDM 2.0,89,2321
Mobility Radeon HD 2400,89,2320
GeForce 6610 XL,88,2322
GeForce 8600M GS,88,2323
GeForce G 105M,88,2324
GeForce 6600,86,2326
Quadro FX 360M,86,2325
Quadro FX 350,85,2327
ALL-IN-WONDER X800 GT,84,2332
FireGL V3200,84,2329
GeForce 7500 LE,84,2328
GeForce 9300M G,84,2331
Radeon X1300 PRO,84,2333
Radeon X1650 Pro,84,2330
RADEON X800 GT,84,2334
GeForce 999 GTX,83,2335
nForce 750a SLI,83,2337
Quadro FX 370,83,2336
Radeon HD 3200,82,2338
GeForce 7300 LE,81,2341
GeForce 8400,81,2345
GeForce 9100,81,2339
GeForce 9300 SE,81,2344
MOBILITY FireGL V5000,81,2343
Mobility Radeon 4100,81,2347
Mobility Radeon X2500,81,2342
RADEON X800 XT Platinum Edition,81,2346
RADEON X850 XT,81,2348
RADEON X850 XT Platinum Edition,81,2340
Quadro FX 540,80,2349
GeForce 8100 / nForce 720a,79,2351
RADEON X800GT,79,2350
GeForce 7300 GS,78,2352
Quadro NVS 140M,78,2353
Videocard Name,"Passmark G3D Mark
(higher is better)","Rank
(lower is better)"
Radeon HD 2350,76,2354
ZX C-960,76,2355
M860G with Mobility Radeon 4100,75,2357
RADEON X700 PRO,75,2356
GeForce 7350 LE,74,2359
Radeon X1650 GTO,74,2358
FireMV 2450,73,2360
Mobility Radeon HD 4300 Serisi,73,2363
Radeon 3100,73,2361
RADEON X800 PRO/GTO,73,2362
RADEON X700,72,2365
RADEON X850 PRO,72,2364
FireGL V7100,71,2366
M880G with Mobility Radeon HD 4225,71,2368
MEDION RADEON 9800 XXL,71,2367
Radeon X1650 SE,71,2370
RADEON X700 SE,71,2369
Diamond X1300-PCIE 256MB,70,2374
FireGL V3300,70,2372
Quadro NVS 150M,70,2373
Radeon X550XTX,70,2371
BASICDISPLAY,69,2375
GeForce Go 6600,69,2376
Quadro FX 3000,69,2379
Radeon X1600 Pro / X1300XT,69,2378
RADEON X800 XL,69,2377
FireGL V3350,68,2380
GeForce 8400 SE,68,2381
GeForce 9100M G,68,2382
GeForce 9400M G,67,2385
Intel G45/G43/G41 Express Chipset,67,2383
Matrox G200eR WDDM 2.0,67,2384
RADEON X600 PRO,67,2386
GeForce 8400M GT,66,2389
Mobility Radeon HD 4225,66,2391
MOBILITY RADEON X700,66,2388
Quadro NVS 450,66,2387
Radeon X1550,66,2390
GeForce 8200M G,65,2393
GeForce Go 7400,65,2392
Intel Q35 Express,64,2395
RADEON X800 PRO,64,2394
Quadro FX 550,63,2396
GeForce G 103M,62,2399
Intel HD manual-15.28-1861,62,2398
MOBILITY FireGL V3200,62,2400
Mobility Radeon HD 3410,62,2397
SAPPHIRE Radeon X1550,61,2401
FireGL X1,59,2407
Videocard Name,"Passmark G3D Mark
(higher is better)","Rank
(lower is better)"
GeForce FX 5950 Ultra,59,2406
Matrox G200e WDDM 1.2,59,2405
MOBILITY RADEON X700 XL,59,2402
Radeon 2100,59,2403
RADEON 9800 PRO,59,2404
GeForce 6800 XE,58,2408
Radeon X1300,58,2409
Intel - Express Chipset Q45/Q43,57,2410
Intel G41 Express-Chipsatz,57,2412
Intel Q45/Q43 Express-Chipsatz,57,2413
RADEON 9800,57,2411
Intel - Express Chipset G41,56,2415
RADEON 9800 XT,56,2414
RADEON X550XT,56,2417
RADEON X600 256MB HyperMemory,56,2416
RADEON 9700 PRO,53,2418
FireGL V3100,52,2419
GeForce Go 7300,52,2422
Radeon Xpress 1300,52,2421
Red Hat QXL controller,52,2420
FirePro 2450,51,2429
GeForce 6200 TurboCache,51,2424
GeForce 6600 LE,51,2427
GeForce 7100 GS,51,2428
GeForce FX Go5700,51,2426
Matrox G200eh WDDM 1.2,51,2423
RADEON E2400,51,2425
Matrox G200eW WDDM 1.2,50,2434
Mobility Radeon HD 2300,50,2431
MOBILITY RADEON X600,50,2433
Quadro NVS 135M,50,2432
RADEON X550,50,2430
Matrox G200eh WDDM 2.0,49,2435
MOBILITY RADEON X600 SE,49,2437
Radeon X1050,49,2438
Radeon X1600,49,2436
RADEON X600 SE,49,2439
GeForce 7300 SE/7200 GS,48,2441
Mobility Radeon X2300,48,2442
Mobility Radeon X2300 HD,48,2440
Quadro NVS 110M,47,2444
Radeon X1550 64-bit,47,2443
SAPPHIRE RADEON 9600 ATLANTIS,47,2445
Mobile Intel 965 Express,46,2447
MOBILITY RADEON 9800,46,2448
Quadro NVS 120M,46,2446
FireMV 2250,45,2449
GeForce Go 7200,45,2452
Matrox G200eR WDDM 1.2,45,2451
Videocard Name,"Passmark G3D Mark
(higher is better)","Rank
(lower is better)"
Matrox M9188 ATX PCIe x16,45,2450
GeForce Go 6600 TE/6200 TE,44,2454
Mobile Intel 4 Express-Chipsatzfamilie,44,2457
Mobile Intel serie 4 Express,44,2456
MOBILITY FireGL V5200,44,2453
Quadro FX 350M,44,2455
Radeon 9700 TX w/TV-Out,44,2458
Quadro NVS 285,43,2459
Matrox M9138 LP PCIe x16,42,2463
Mobility Radeon X1400,42,2460
RADEON 9600 PRO,42,2461
Radeon Xpress 1250,42,2462
GeForce 7050 / nForce 620i,41,2466
GeForce 7100 / nForce 630i,41,2464
GeForce FX 5900 Ultra,41,2467
RADEON 9500 PRO / 9700,41,2465
GeForce FX 5700,40,2468
GeForce FX 5900XT,40,2473
Matrox G200eh,40,2470
Matrox M9148 LP PCIe x16,40,2472
MOBILITY FIREGL T2,40,2469
Radeon Xpress 1300M,40,2471
GeForce 7300 SE,39,2479
Matrox G200eW,39,2475
MOBILITY RADEON 9600/9700,39,2478
Mobility Radeon X1300,39,2476
Mobility Radeon X1350,39,2474
S3 Chrome 430 ULP,39,2477
GeForce 6500,38,2481
Mobile Intel - famiglia Express Chipset 45,38,2480
Mobile Intel 45 Express,38,2483
Quadro NVS 285 128MB,38,2482
RADEON X300SE,38,2484
256MB DDR Radeon 9800 XT,37,2487
GeForce 6200,37,2489
GeForce 6200SE TurboCache,37,2491
GeForce 7050 / nForce 630i,37,2486
Intel G33/G31 Express,37,2485
Quadro NVS 440,37,2488
Radeon X1250,37,2490
CONNECT 3D RADEON X300,36,2493
FireMV 2200 PCIe,36,2495
Matrox G200eR,36,2492
MOBILITY RADEON 9600,36,2496
RADEON 9500,36,2494
Quadro FX 1100,35,2497
RADEON 9600 XT,35,2499
Radeon Xpress 1200,35,2498
GeForce FX 5700 Ultra,34,2505
Videocard Name,"Passmark G3D Mark
(higher is better)","Rank
(lower is better)"
GeForce FX 5900,34,2502
GeForce PCX 5750,34,2500
GeForce PCX 5900,34,2506
Quadro FX 1000,34,2504
Quadro FX 1300,34,2503
RADEON 9550,34,2501
Radeon Xpress 1100,34,2507
GeForce 6150 LE,33,2511
GeForce 7150 / nForce 630i,33,2514
GeForce FX 5700VE,33,2513
MOBILITY FIREGL T2/T2e,33,2509
Mobility Radeon X1450,33,2512
MOBILITY RADEON X300,33,2508
S3 Chrome S27 DDR3,33,2510
GeForce 6200 A-LE,32,2520
GeForce 6200 LE,32,2516
GeForce 7025 / nForce 630a,32,2517
GeForce FX 5900ZT,32,2518
Intel Media Accelerator,32,2515
Radeon X1200,32,2519
GeForce 7050 PV / nForce 630a,31,2522
Matrox M9128 LP PCIe x16,31,2521
Radeon X1270,31,2523
All-in-Wonder X1800XL,30,2527
FireGL T2-128,30,2524
GeForce 6150SE nForce 430,30,2525
MOBILITY RADEON 9550,30,2526
Radeon 9550 / X1050,29,2530
Radeon Xpress 1150,29,2528
RADEON XPRESS 200,29,2529
GeForce 6100,27,2534
MOBILITY FireGL V5250,27,2532
MOBILITY RADEON 9700,27,2531
MOBILITY RADEON XPRESS 200,27,2535
RADEON 9600SE,27,2533
GeForce 6100 nForce 405,26,2536
GeForce 7100 / nForce 620i,26,2539
RADEON 9600 PRO Family,26,2537
Radeon Xpress 1270,26,2538
GeForce 6100 nForce 400,25,2545
GeForce 6100 nForce 420,25,2544
GeForce 7050 / nForce 610i,25,2542
Matrox M9120 Plus LP PCIe x16,25,2541
Matrox M9125 PCIe x16,25,2543
PHDGD Sapphire GR for Mobile Intel 965,25,2540
RADEON 9600 Family,25,2546
GeForce 6150SE,24,2548
GeForce FX 5700LE,24,2549
GeForce Go 6400,24,2550
Videocard Name,"Passmark G3D Mark
(higher is better)","Rank
(lower is better)"
Mobile Intel 965 Express-Chipsatzfamilie,24,2551
MOBILITY RADEON 9600 PRO TURBO,24,2547
ALL-IN-WONDER 9800,23,2555
GeForce 6100 nForce 430,23,2557
GeForce 7200 GS,23,2556
Matrox M9140 LP PCIe x16,23,2554
Quadro NVS 210S,23,2552
RADEON 9800 SE,23,2553
RADEON A9800XT,22,2558
RADEON XPRESS 200M,22,2559
GeForce 6150,21,2560
PHDGD Solo 2 x64,20,2562
Quadro NVS 210S / GeForce 6150LE,20,2561
GeForce Go 6150,19,2564
Matrox M9120 PCIe x16,19,2563
GeForce 7150M / nForce 630M,18,2568
Quadro FX 2000,18,2570
QXL KMDOD,18,2565
RADEON 9600 TX Family,18,2567
RADEON XPRESS 200 CROSSFIRE,18,2569
S3 Chrome S25 DDR2,18,2566
GeForce FX 5600 Ultra,17,2574
GeForce FX Go 5600,17,2572
GeForce Go 6100,17,2571
Mobile Intel965 Express,17,2573
GeForce FX Go5650,16,2575
GRID V100-8Q,16,2576
GeForce Go 6200,15,2578
NV44,15,2577
Quadro FX 500/600 PCI,14,2579
Radeon HD 2400 PCI,14,2580
GeForce 7000M,13,2581
GeForce 7000M / nForce 610M,12,2582
GeForce FX 5200 Ultra,12,2585
GeForce FX 5600,12,2583
GeForce FX Go5300,12,2584
FireMV 2400 PCIe,11,2587
GeForce FX 5200SE,11,2586
PHDGD Solo 1.2.0 x86,11,2589
RGH Drivers v3,11,2588
Master X3100 Driver,10,2590
MOBILITY IGP 9000/9100,10,2591
VIA Chrome9 HD IGP,10,2592
ASUS A7000,9,2595
GeForce FX 5600XT,9,2596
Intel 82945G Express,9,2593
Matrox Parhelia 256MB,9,2594
GeCube RADEON 7000,8,2597
GeForce FX 5500,8,2600
Videocard Name,"Passmark G3D Mark
(higher is better)","Rank
(lower is better)"
GeForce FX Go 5200,8,2598
Intel 82945G Express-Chipsatzfamilie,8,2603
Intel Q35 Embedded,8,2599
Mobile Intel 965 Express - BR-0907-0461 v1839,8,2601
Quadro NVS 280 PCI,8,2602
ASUS V9520-X V62.11,7,2606
GeForce FX 5100,7,2605
GeForce FX 5200,7,2608
GeForce FX 5200LE,7,2612
GeForce4 Ti 4400,7,2611
Intel Q33 Express,7,2610
Intel US15 Embedded Media and Controller,7,2609
MOBILITY RADEON 9000 IGP,7,2604
Quadro FX 500/FX 600,7,2607
GeForce PCX 5300,6,2622
GeForce2 Ultra,6,2620
GeForce4 MX Integrated GPU,6,2618
GeForce4 Ti 4800 SE,6,2614
Intel Media Accelerator 600,6,2613
Matrox Millennium P690 Plus LP PCIe x16,6,2615
MOBILITY RADEON 7000 IGP,6,2621
Quadro NVS 55/280 PCI,6,2624
Quadro4 380 XGL,6,2616
RADEON 8500 Family,6,2617
RADEON 9100 Family,6,2623
RADEON IGP 350M,6,2625
V9560XT,6,2619
ALL-IN-WONDER RADEON 8500DV,5,2635
GeForce 256,5,2645
GeForce4 420 Go 32M,5,2640
GeForce4 440 Go 64M,5,2626
GeForce4 448 Go,5,2637
GeForce4 Ti 4200,5,2636
GeForce4 Ti 4600,5,2638
GeForce4 Ti 4800,5,2628
Intel 82915G Express,5,2632
Matrox Millennium P650 PCIe 128,5,2641
Matrox Parhelia APVe,5,2634
Mobile Intel 945GM Express,5,2629
Mobile Intel 945GM/GU Express,5,2642
MOBILITY RADEON 9000/9100 IGP,5,2633
NVIDIA GeForce3 Ti200,5,2631
Quadro 280 NVS PCIe,5,2630
Quadro4 980 XGL,5,2646
RADEON 9100 IGP,5,2639
SAPPHIRE RADEON 9000 ATLANTIS PRO,5,2643
VIA/S3G UniChromeII,5,2627
Xabre,5,2644
ALL-IN-WONDER 9000,4,2649
Videocard Name,"Passmark G3D Mark
(higher is better)","Rank
(lower is better)"
ASUS AGP-V3800PRO v31.40H,4,2668
Dell 8200,4,2670
GeForce2 Go,4,2674
GeForce2 Integrated GPU,4,2669
GeForce2 MX with DVI-D and TV-out,4,2653
GeForce2 Ti,4,2661
GeForce3,4,2650
GeForce3 Ti 200,4,2676
GeForce4 440,4,2647
GeForce4 MX 4000,4,2667
GeForce4 MX 420,4,2654
GeForce4 MX 440,4,2664
GeForce4 MX 440 with AGP8X,4,2651
GeForce4 MX 440SE,4,2663
GeForce4 MX 460,4,2673
Intel 82865G Controller,4,2658
"Intel 915G,910G Express",4,2678
Intel 915G/915GV/910GL Embedded Controller Functio,4,2659
Intel 945G Embedded Chipset Function 0,4,2666
MOBILITY FIREGL 7800,4,2655
MOBILITY/RADEON 9000,4,2675
Quadro2 MXR/EX,4,2665
Quadro4 900 XGL,4,2648
RADEON 7500 Family,4,2656
RADEON 9000,4,2660
VIA Chrome9 HC IGP,4,2671
VIA/S3G KM400/KN400,4,2677
VIA/S3G UniChrome IGP,4,2672
VIA/S3G UniChrome Pro IGP,4,2657
WinFast A250 LE,4,2652
XGI Volari Family v1.13.23.D_V,4,2662
ABIT Siluro T400,3,2682
AMIGAMERLIN 3.1-R1 For Voodoo 4 4500 PCI,3,2707
GeForce 6200A,3,2690
GeForce2 GTS/GeForce2 Pro,3,2679
GeForce2 MX 100/200,3,2703
GeForce2 MX/MX 400,3,2681
GeForce4 420 Go,3,2700
GeForce4 4200 Go,3,2680
GeForce4 440 Go,3,2687
Intel 82915G/915GV/910GL,3,2688
Intel 82915G/GV/910GL Express,3,2709
Intel 865 Embedded Controller,3,2689
Intel 946GZ Embedded Chipset,3,2704
Intel Media Accelerator 500,3,2696
Matrox Parhelia 128MB,3,2698
MOBILITY RADEON 7500,3,2692
MOBILITY RADEON 9000,3,2702
MOBILITY RADEON 9200,3,2711
Videocard Name,"Passmark G3D Mark
(higher is better)","Rank
(lower is better)"
RADEON 7000 / RADEON VE Family,3,2684
RADEON 7500,3,2705
RADEON 9000 Family,3,2694
RADEON 9200,3,2691
RADEON IGP 320,3,2686
Radeon IGP 320M,3,2693
Rage Fury Pro/Xpert 2000 Pro,3,2708
RIVA TNT2 Model 64/Model 64 Pro,3,2685
RIVA TNT2/TNT2 Pro,3,2697
S3 Inc. Savage4,3,2706
Vanta/Vanta LT,3,2710
VIA Chrome9 HC IGP Family,3,2683
VIA Chrome9 HC IGP Family WDDM,3,2695
VIA Chrome9 HC IGP WDDM 1.1,3,2699
VIA/S3G DeltaChrome IGP,3,2701
Dell 8100,2,2732
GeForce2 MX,2,2717
GeForce2 MX with TV Out,2,2725
GeForce3 Ti 500,2,2727
Intel 82845G Controller,2,2734
Intel 82845G/GL Controller,2,2722
Intel 82845G/GL/GE/PE/GV Controller,2,2714
Intel 82915G/GV/910GL Advanced v3.5,2,2721
Intel 946GZ Express,2,2736
Intel GMA 3150 Express,2,2728
Intel Media Accelerator 3150,2,2713
MOBILITY RADEON 9100 IGP,2,2712
Quadro NVS 280 SD,2,2730
Radeon 7000 / Radeon VE,2,2719
RADEON 7200,2,2715
RADEON 9200 LE Family,2,2723
RADEON 9200 PRO Family,2,2716
RADEON 9200 SE,2,2726
RADEON 9250,2,2724
Radeon IGP 340M,2,2729
RADEON IGP 345M,2,2718
Radeon VE,2,2735
VIA Chrome9 HC IGP Prerelease WDDM 1.1,2,2733
VIA Chrome9 HC IGP WDDM,2,2731
VIA Chrome9 HC3 IGP,2,2720
FireMV 2200 PCI,1,2749
Intel 82852/82855 GM/GME Controller,1,2746
Intel Extreme Controller,1,2737
Mobile Intel 915GM/GMS/910GML Express,1,2740
Mobile Intel 945 Express,1,2741
Quadro2 Pro,1,2748
RADEON IGP 34xM,1,2743
Rage 128 Pro,1,2745
RAGE 128 PRO AGP 4X TMDS,1,2747
Videocard Name,"Passmark G3D Mark
(higher is better)","Rank
(lower is better)"
S3 ProSavageDDR,1,2744
S3 SuperSavage/IXC 1014,1,2738
VIA Chrome9 HCM IGP,1,2742
VisionTek Radeon 7000,1,2739